Submission id,Participant id,Status,Custom study tncs accepted at,Started at,Completed at,Reviewed at,Archived at,Time taken,Completion code,Total approvals,Primary language,Leadership/position of power/supervisory duties,Age,Sex,Ethnicity simplified,Country of birth,Country of residence,Nationality,Language,Student status,Employment status
6a045ebb08ebf5e4000fff7b,664b8bef90cdb799d4c4c35d,AWAITING REVIEW,Not Applicable,2026-05-13T11:21:37.582000Z,2026-05-13T11:28:30.859000Z,,2026-05-13T11:28:31.248382Z,414.0,C3L4TUH2,5594,English,Yes,31,Male,White,United States,United States,United States,English,No,Full-Time
6a045ebcaf689f9745809e08,69f349141b7a57cdd52b671c,AWAITING REVIEW,Not Applicable,2026-05-13T11:23:08.253000Z,2026-05-13T11:38:31.849000Z,,2026-05-13T11:38:32.239774Z,924.0,C3L4TUH2,27,English,Yes,27,Female,White,Poland,Poland,Poland,English,No,Full-Time
6a045ebcc1ce2cfa886862e8,5d1b3627b6a81c0001f87c85,AWAITING REVIEW,Not Applicable,2026-05-13T11:21:42.965000Z,2026-05-13T11:27:54.623000Z,,2026-05-13T11:27:55.022839Z,372.0,C3L4TUH2,676,English,Yes,32,Male,White,Ireland,Ireland,Ireland,English,No,Full-Time
6a045ebdc551095d3d8259a2,69e5047b25806886f27a0077,AWAITING REVIEW,Not Applicable,2026-05-13T11:26:17.474000Z,2026-05-13T11:46:04.594000Z,,2026-05-13T11:46:04.992405Z,1188.0,C3L4TUH2,56,"English, Afrikaans",Yes,61,Male,Black,South Africa,South Africa,South Africa,English,No,Full-Time
6a045ebfab0ca1c816013e32,55ecd6ff748092000daa9f5f,AWAITING REVIEW,Not Applicable,2026-05-13T11:21:38.574000Z,2026-05-13T11:27:39.924000Z,,2026-05-13T11:27:40.361407Z,362.0,C3L4TUH2,17184,English,Yes,38,Male,White,United States,United States,United States,English,No,Full-Time
6a045ec00237f9c20fd3e3d5,69d95796f2b81985559b4b59,AWAITING REVIEW,Not Applicable,2026-05-13T11:21:50.559000Z,2026-05-13T11:39:57.453000Z,,2026-05-13T11:40:39.165627Z,1087.0,C3L4TUH2,144,English,Yes,34,Male,Black,United States,South Africa,United States,English,Yes,Full-Time
6a045ec1fed2cc54cf117f4e,5c3a4e759e794d000129a225,AWAITING REVIEW,Not Applicable,2026-05-13T11:21:39.715000Z,2026-05-13T11:26:57.619000Z,,2026-05-13T11:26:58.027265Z,318.0,C3L4TUH2,3088,English,Yes,39,Female,White,United Kingdom,United Kingdom,United Kingdom,English,No,Full-Time
6a045ec26bd48bd04c615126,6a03322d84fdeca625f08127,AWAITING REVIEW,Not Applicable,2026-05-13T11:21:40.909000Z,2026-05-13T11:26:40.973000Z,,2026-05-13T11:26:41.360558Z,301.0,C3L4TUH2,6,"English, Italian",Yes,28,Male,Mixed,Italy,United Kingdom,Italy,English,Yes,Full-Time
6a045ec56f22faac17032ade,69e4620e3a2714f4fba8d94b,AWAITING REVIEW,Not Applicable,2026-05-13T11:21:45.234000Z,2026-05-13T11:34:53.081000Z,,2026-05-13T11:34:53.472854Z,788.0,C3L4TUH2,145,English,Yes,25,Female,Mixed,United States,South Africa,South Africa,English,No,Full-Time
6a045ec6d96d3ec3bfd5f96d,60662064c4e2b814215e6890,AWAITING REVIEW,Not Applicable,2026-05-13T11:22:16.408000Z,2026-05-13T11:39:13.785000Z,,2026-05-13T11:39:14.186913Z,1018.0,C3L4TUH2,1626,English,Yes,48,Female,Black,South Africa,South Africa,South Africa,English,No,Full-Time
6a045ec79cac8613d881ad43,602539c6fe366c0008c815cb,AWAITING REVIEW,Not Applicable,2026-05-13T11:21:46.420000Z,2026-05-13T11:32:03.369000Z,,2026-05-13T11:32:03.754065Z,617.0,C3L4TUH2,2038,English,Yes,35,Male,White,South Africa,South Africa,South Africa,English,No,Full-Time
6a045ece737595e9b8823283,69f480feab0be3632a2bea9b,AWAITING REVIEW,Not Applicable,2026-05-13T11:21:53.855000Z,2026-05-13T11:28:11.281000Z,,2026-05-13T11:28:11.695563Z,378.0,C3L4TUH2,164,English,Yes,35,Male,Mixed,United Kingdom,United Kingdom,United Kingdom,English,No,Full-Time
6a045ed034f8792c298b4485,69790d6848f698cd8f17b99b,AWAITING REVIEW,Not Applicable,2026-05-13T11:22:04.608000Z,2026-05-13T11:40:51.391000Z,,2026-05-13T11:40:51.812948Z,1127.0,C3L4TUH2,702,English,Yes,27,Female,Black,Nigeria,United Kingdom,Nigeria,English,No,Full-Time
6a045ed199155c968472cffc,69ac26daec36f17c92a64677,AWAITING REVIEW,Not Applicable,2026-05-13T11:22:01.956000Z,2026-05-13T11:32:53.027000Z,,2026-05-13T11:32:53.445165Z,652.0,C3L4TUH2,252,English,Yes,49,Male,Mixed,United States,Canada,Canada,English,No,Full-Time
6a045ed19e606a47d973e5f9,69309f7da595fb656eebdeb1,AWAITING REVIEW,Not Applicable,2026-05-13T11:22:00.375000Z,2026-05-13T11:30:10.271000Z,,2026-05-13T11:30:10.645619Z,490.0,C3L4TUH2,1067,English,Yes,47,Female,White,New Zealand,New Zealand,New Zealand,English,No,Full-Time
6a045ed21f2daae8a3059627,69dbc5a35ef47c98ef3af53b,AWAITING REVIEW,Not Applicable,2026-05-13T11:21:57.215000Z,2026-05-13T11:37:57.299000Z,,2026-05-13T11:37:57.701756Z,961.0,C3L4TUH2,444,English,Yes,42,Male,White,United States,United States,United States,English,No,Full-Time
6a045ed450fc6a8b8d1e4003,69ae945041f7aa63329ba050,AWAITING REVIEW,Not Applicable,2026-05-13T11:22:01.783000Z,2026-05-13T11:31:31.809000Z,,2026-05-13T11:31:32.227152Z,571.0,C3L4TUH2,266,English,Yes,40,Male,Black,Nigeria,Canada,Nigeria,English,No,Full-Time
6a045ed491dba32add30a8f2,69de3977bd460340bd46fede,AWAITING REVIEW,Not Applicable,2026-05-13T11:22:41.623000Z,2026-05-13T11:32:16.330000Z,,2026-05-13T11:32:16.698021Z,575.0,C3L4TUH2,146,English,Yes,36,Female,White,United States,South Africa,South Africa,English,No,Full-Time
6a045ed6aed0fb0d2bad6745,59a3b1a35fd74b0001abf9c1,AWAITING REVIEW,Not Applicable,2026-05-13T11:22:04.092000Z,2026-05-13T11:29:05.654000Z,,2026-05-13T11:29:06.045991Z,422.0,C3L4TUH2,6447,English,Yes,54,Female,White,United Kingdom,United Kingdom,United Kingdom,English,No,Full-Time
6a045eda8600da7e1e24d845,69dcdb3c0b8cd1577f63db4b,AWAITING REVIEW,Not Applicable,2026-05-13T11:22:43.508000Z,2026-05-13T11:39:51.708000Z,,2026-05-13T11:39:52.080613Z,1029.0,C3L4TUH2,25,English,Yes,26,Male,Black,United States,South Africa,DATA_EXPIRED,English,No,Full-Time
6a045edaa1beb3d19290ae5d,60ccbffae161aadb1880ad6c,AWAITING REVIEW,Not Applicable,2026-05-13T11:22:05.536000Z,2026-05-13T11:34:57.787000Z,,2026-05-13T11:34:58.168853Z,773.0,C3L4TUH2,14213,English,Yes,37,Female,White,United States,United States,United States,English,No,Full-Time
6a045edc0f020b7f554c5382,69d07eb4a6ddc1f57e9b7e79,AWAITING REVIEW,Not Applicable,2026-05-13T11:22:04.619000Z,2026-05-13T11:40:02.958000Z,,2026-05-13T11:40:03.374186Z,1079.0,C3L4TUH2,16,English,Yes,32,Male,Black,Kenya,Canada,Kenya,English,No,Full-Time
6a04623620df2553c1506e0a,69fa151e7192f3ec23315d35,AWAITING REVIEW,Not Applicable,2026-05-13T11:36:25.247000Z,2026-05-13T11:38:30.874000Z,,2026-05-13T11:38:31.283953Z,126.0,C3L4TUH2,20,English,Yes,34,Male,White,United Kingdom,United Kingdom,United Kingdom,English,No,Full-Time
6a04623a0d75e732f1d9cb17,5c0a29b6c307a400016adb9f,AWAITING REVIEW,Not Applicable,2026-05-13T11:36:30.112000Z,2026-05-13T11:43:13.837000Z,,2026-05-13T11:43:14.231123Z,404.0,C3L4TUH2,4264,English,Yes,28,Female,White,United Kingdom,United Kingdom,United Kingdom,English,Yes,Full-Time
6a04623f035e5c6ce6a4440b,6658dc77e4e49937196d37b7,AWAITING REVIEW,Not Applicable,2026-05-13T11:36:36.823000Z,2026-05-13T11:43:20.985000Z,,2026-05-13T11:43:21.400556Z,405.0,C3L4TUH2,1760,English,Yes,29,Male,White,United Kingdom,United Kingdom,United Kingdom,English,No,Full-Time
6a04623f56354c9c5ffd3f77,69f32ec16be4981af2e1ce1b,AWAITING REVIEW,Not Applicable,2026-05-13T11:36:34.188000Z,2026-05-13T11:43:46.339000Z,,2026-05-13T11:43:46.759901Z,433.0,C3L4TUH2,66,English,Yes,45,Female,White,United Kingdom,United Kingdom,United Kingdom,English,No,Full-Time
6a04623fa82421e73144a94d,69dce9d5d84099b58bd035b3,AWAITING REVIEW,Not Applicable,2026-05-13T11:36:40.783000Z,2026-05-13T11:48:34.156000Z,,2026-05-13T11:48:34.576587Z,714.0,C3L4TUH2,69,English,Yes,40,Female,White,Canada,Canada,Canada,English,No,Full-Time
6a0462415131cfe7143d80d7,69d8bc776eafff26ad0bfdd4,AWAITING REVIEW,Not Applicable,2026-05-13T11:36:39.796000Z,2026-05-13T11:48:17.841000Z,,2026-05-13T11:48:18.243085Z,699.0,C3L4TUH2,78,English,Yes,20,Male,Black,United States,South Africa,United States,English,Yes,Full-Time
6a04624376e7d059c95b6854,69e784216d39620eb0a7508b,AWAITING REVIEW,Not Applicable,2026-05-13T11:36:37.452000Z,2026-05-13T11:46:00.867000Z,,2026-05-13T11:46:01.249343Z,564.0,C3L4TUH2,239,"English, Indonesian",Yes,32,Male,Asian,Indonesia,United Kingdom,United Kingdom,English,No,Full-Time
6a0462486f68f4dbfd9b2c64,6a0423947bc255fede34ea61,AWAITING REVIEW,Not Applicable,2026-05-13T11:36:42.584000Z,2026-05-13T11:43:48.349000Z,,2026-05-13T11:43:48.735097Z,426.0,C3L4TUH2,6,English,Yes,28,Male,White,United Kingdom,United Kingdom,United Kingdom,English,No,Full-Time
6a04624ab2c9f99233224683,69f47d32f5266919ffefbcde,AWAITING REVIEW,Not Applicable,2026-05-13T11:36:46.068000Z,2026-05-13T11:47:57.323000Z,,2026-05-13T11:47:57.710036Z,672.0,C3L4TUH2,49,English,Yes,51,Male,White,Australia,Australia,Australia,English,No,Full-Time
6a04624f60a1e59f3b170cbc,69eb6dd55036801e44c9605a,AWAITING REVIEW,Not Applicable,2026-05-13T11:36:47.732000Z,2026-05-13T11:56:51.136000Z,,2026-05-13T11:56:51.514717Z,1204.0,C3L4TUH2,95,English,Yes,33,Female,Black,South Africa,South Africa,South Africa,English,Yes,Full-Time
6a0462512b8b49ec24ee0768,69d7da2dc4b14952e9acb3f8,AWAITING REVIEW,Not Applicable,2026-05-13T11:36:49.881000Z,2026-05-13T11:48:06.506000Z,,2026-05-13T11:48:06.902668Z,677.0,C3L4TUH2,111,"English, French",Yes,23,Female,Mixed,United States,South Africa,South Africa,English,Yes,Full-Time
6a0462514c2d10115a74ec21,69d7a0aed5c37739f0c2aa97,AWAITING REVIEW,Not Applicable,2026-05-13T11:36:59.985000Z,2026-05-13T11:49:46.906000Z,,2026-05-13T11:49:47.310128Z,767.0,C3L4TUH2,41,English,Yes,30,Male,Black,United States,South Africa,United States,English,No,Full-Time
6a046252a5cfc3b79ee03fcc,69de1fc5cfa61b938d2a83ec,AWAITING REVIEW,Not Applicable,2026-05-13T11:37:18.443000Z,2026-05-13T11:57:04.566000Z,,2026-05-13T11:57:04.985818Z,1187.0,C3L4TUH2,52,English,Yes,23,Male,Black,United States,South Africa,South Africa,English,Yes,Full-Time
6a046254c551095d3d8259cb,69e38c98c549fc4b6ee1277f,AWAITING REVIEW,Not Applicable,2026-05-13T11:37:11.040000Z,2026-05-13T11:57:15.640000Z,,2026-05-13T11:57:16.024730Z,1205.0,C3L4TUH2,161,English,Yes,33,Female,Black,South Africa,South Africa,South Africa,English,Yes,Full-Time
6a046255ba670cb59c44a06e,69d868e4c6f3897a2dd08221,AWAITING REVIEW,Not Applicable,2026-05-13T11:36:53.056000Z,2026-05-13T11:49:38.902000Z,,2026-05-13T11:49:39.322009Z,766.0,C3L4TUH2,214,English,Yes,25,Female,Black,United States,South Africa,DATA_EXPIRED,English,No,Full-Time
6a04625835489fbe9c98d947,69e093e47f6e6b6edb0542ce,AWAITING REVIEW,Not Applicable,2026-05-13T11:38:20.036000Z,2026-05-13T11:50:04.643000Z,,2026-05-13T11:50:05.031233Z,705.0,C3L4TUH2,192,English,Yes,31,Female,Black,United States,South Africa,South Africa,English,Yes,Full-Time
6a04625865598c84e2051651,69e3eedba0acd04b28d3e391,AWAITING REVIEW,Not Applicable,2026-05-13T11:37:01.730000Z,2026-05-13T11:49:59.532000Z,,2026-05-13T11:49:59.907129Z,778.0,C3L4TUH2,243,"Bulgarian, English",Yes,37,Male,White,Bulgaria,United States,United States,English,No,Full-Time
6a04625869cb2013e861ce99,69e6cf1ede8e0538926f4467,AWAITING REVIEW,Not Applicable,2026-05-13T11:37:11.378000Z,2026-05-13T11:49:57.706000Z,,2026-05-13T11:49:58.104153Z,767.0,C3L4TUH2,45,English,Yes,24,Male,Black,United States,South Africa,DATA_EXPIRED,English,No,Full-Time
6a04625a6b7f3636c0ffc198,6665a806be52905a784f7437,AWAITING REVIEW,Not Applicable,2026-05-13T11:37:01.544000Z,2026-05-13T11:44:08.490000Z,,2026-05-13T11:44:08.923524Z,427.0,C3L4TUH2,2356,English,Yes,42,Female,White,United Kingdom,United Kingdom,United Kingdom,English,No,Full-Time
6a04625b802b7998e0ee79fc,672e182f4023d603c6df837b,AWAITING REVIEW,Not Applicable,2026-05-13T11:37:04.563000Z,2026-05-13T11:46:11.813000Z,,2026-05-13T11:46:12.205656Z,548.0,C3L4TUH2,446,English,Yes,25,Female,Black,Nigeria,United Kingdom,United Kingdom,English,Yes,Full-Time
6a04625b8b1e5cd54a0bd4b0,680d155019b77b986ff85126,AWAITING REVIEW,Not Applicable,2026-05-13T11:37:03.297000Z,2026-05-13T11:42:51.178000Z,,2026-05-14T07:37:56.375657Z,348.0,C3L4TUH2,5669,English,Yes,66,Female,White,United States,United States,United States,English,No,Full-Time
6a04625d7dfd55be121948f5,699a0aaf64e47553f7098987,AWAITING REVIEW,Not Applicable,2026-05-13T11:38:33.697000Z,2026-05-13T11:57:41.304000Z,,2026-05-13T11:57:41.783345Z,1148.0,C3L4TUH2,348,English,Yes,37,Female,Black,Nigeria,Canada,Canada,English,No,Full-Time
6a04626076e7d059c95b6856,6599bf63f1a902105cb4f395,AWAITING REVIEW,Not Applicable,2026-05-13T11:37:07.629000Z,2026-05-13T11:50:34.721000Z,,2026-05-13T11:50:35.123137Z,808.0,C3L4TUH2,2187,English,Yes,31,Female,White,Australia,Australia,Australia,English,No,Full-Time
6a046260afb68cdc7c96b67e,63174af7d57182f9bf90c094,AWAITING REVIEW,Not Applicable,2026-05-13T11:37:07.902000Z,2026-05-13T11:48:11.176000Z,,2026-05-13T11:48:12.044433Z,664.0,C3L4TUH2,6404,"English, French, Italian, Spanish",Yes,46,Male,White,United Kingdom,United Kingdom,United Kingdom,English,No,Full-Time
6a04626306a54b01637a96a5,69fb66b5935b7e8a013a1aea,AWAITING REVIEW,Not Applicable,2026-05-13T11:37:18.053000Z,2026-05-13T11:48:31.413000Z,,2026-05-13T11:48:31.824908Z,674.0,C3L4TUH2,9,English,Yes,62,Female,White,United Kingdom,United Kingdom,United Kingdom,English,No,Full-Time
6a046264351a2a00af98c25c,60314f566c0b9306e3956ebc,AWAITING REVIEW,Not Applicable,2026-05-13T11:37:15.639000Z,2026-05-13T11:44:05.178000Z,,2026-05-13T11:44:05.569038Z,410.0,C3L4TUH2,3976,English,Yes,55,Male,White,Australia,United Kingdom,United Kingdom,English,No,Full-Time
6a046266a47b29c086de6ec8,69a0de789b11b933769f1e3b,AWAITING REVIEW,Not Applicable,2026-05-13T11:37:40.286000Z,2026-05-13T11:48:49.719000Z,,2026-05-13T11:48:50.132864Z,670.0,C3L4TUH2,273,"Twi, English",Yes,31,Female,Black,Ghana,Canada,Ghana,English,No,Full-Time
6a0462673202bf27f66fd8e8,675ef67a1ac1854b97ad3898,AWAITING REVIEW,Not Applicable,2026-05-13T11:37:24.185000Z,2026-05-13T11:51:53.082000Z,,2026-05-13T11:51:53.507793Z,869.0,C3L4TUH2,533,English,Yes,28,Male,Black,Nigeria,United Kingdom,Nigeria,English,No,Full-Time
6a04626765e081894bf4c929,69dd3a1a30c38363fa3a3259,AWAITING REVIEW,Not Applicable,2026-05-13T11:37:20.145000Z,2026-05-13T11:46:07.005000Z,,2026-05-13T11:46:07.440758Z,527.0,C3L4TUH2,28,English,Yes,30,Female,Mixed,Canada,Canada,Canada,English,No,Full-Time
6a0462679d0f19294f2bae6b,6a02ff38ba724d6d369e361e,AWAITING REVIEW,Not Applicable,2026-05-13T11:37:16.256000Z,2026-05-13T11:43:09.347000Z,,2026-05-13T11:43:09.774201Z,354.0,C3L4TUH2,15,English,Yes,52,Male,White,United Kingdom,United Kingdom,United Kingdom,English,No,Full-Time
6a0462686ee4963d82156728,69f8fb9d86f775d659ab36a6,AWAITING REVIEW,Not Applicable,2026-05-13T11:37:17.346000Z,2026-05-13T11:41:18.303000Z,,2026-05-13T11:41:18.727552Z,241.0,C3L4TUH2,98,English,Yes,38,Male,White,United Kingdom,United Kingdom,United Kingdom,English,No,Full-Time
6a046268c1ce2cfa88686318,6a019c72fa5868e6fc32128c,AWAITING REVIEW,Not Applicable,2026-05-13T11:37:15.288000Z,2026-05-13T11:40:00.126000Z,,2026-05-13T11:40:00.533600Z,165.0,C3L4TUH2,27,English,Yes,32,Male,White,United Kingdom,United Kingdom,United Kingdom,English,No,Full-Time
6a0462692af1a0794fa47cf4,6a015631967e3340c1616015,AWAITING REVIEW,Not Applicable,2026-05-13T11:37:15.932000Z,2026-05-13T11:42:42.447000Z,,2026-05-13T11:42:42.848441Z,327.0,C3L4TUH2,25,English,Yes,33,Female,White,United Kingdom,United Kingdom,United Kingdom,English,Yes,Full-Time
6a04626a2d1b059390d7a539,69ff53aeeaa8787df62699f4,AWAITING REVIEW,Not Applicable,2026-05-13T11:37:21.257000Z,2026-05-13T11:51:22.151000Z,,2026-05-13T11:51:22.575412Z,841.0,C3L4TUH2,6,English,Yes,31,Male,Black,Canada,Canada,Canada,English,No,Full-Time
6a04626cbfed8e09ab234821,62d6d7815de3a8625be3c0de,AWAITING REVIEW,Not Applicable,2026-05-13T11:37:19.357000Z,2026-05-13T11:49:17.180000Z,,2026-05-13T11:49:17.575694Z,718.0,C3L4TUH2,2877,English,Yes,44,Male,White,United Kingdom,United Kingdom,United Kingdom,English,No,Full-Time
6a04626eded153a09b1f3a69,5996d2256b939900012d9f22,AWAITING REVIEW,Not Applicable,2026-05-13T11:37:20.512000Z,2026-05-13T11:44:30.159000Z,,2026-05-13T11:44:30.584830Z,430.0,C3L4TUH2,8965,English,Yes,35,Female,White,United Kingdom,United Kingdom,United Kingdom,English,No,Full-Time
6a046270052cb6d030f59cae,66d4407f31981698998d25d8,AWAITING REVIEW,Not Applicable,2026-05-13T11:37:20.915000Z,2026-05-13T11:53:29.238000Z,,2026-05-13T11:53:29.655445Z,969.0,C3L4TUH2,4290,English,Yes,37,Male,Black,Germany,United Kingdom,Canada,English,Yes,Full-Time
6a046272cf3b7b6ecd809e38,66594d5f6f9e287fef4cde8a,AWAITING REVIEW,Not Applicable,2026-05-13T11:37:29.574000Z,2026-05-13T11:44:12.547000Z,,2026-05-13T11:44:12.956182Z,403.0,C3L4TUH2,471,English,Yes,27,Male,Asian,Sri Lanka,United Kingdom,Sri Lanka,English,No,Full-Time
6a04627551585265972c076a,69fcba8a61fcf958c87765de,AWAITING REVIEW,Not Applicable,2026-05-13T11:37:43.855000Z,2026-05-13T11:43:40.937000Z,,2026-05-13T11:43:41.324452Z,358.0,C3L4TUH2,20,English,Yes,39,Male,White,United Kingdom,United Kingdom,United Kingdom,English,No,Full-Time
6a046275ecc4a087614b2fc7,69d9f68db438e85e632b41b9,AWAITING REVIEW,Not Applicable,2026-05-13T11:37:40.342000Z,2026-05-13T11:53:23.712000Z,,2026-05-13T11:53:24.142717Z,944.0,C3L4TUH2,189,"English, Japanese",Yes,38,Female,Black,South Africa,South Africa,South Africa,English,No,Full-Time
6a0462768eb16439feac399f,6a018af5da2203bc59976dcf,AWAITING REVIEW,Not Applicable,2026-05-13T11:37:29.824000Z,2026-05-13T11:42:09.182000Z,,2026-05-13T11:42:09.580255Z,280.0,C3L4TUH2,18,English,Yes,29,Male,White,United Kingdom,United Kingdom,United Kingdom,English,No,Full-Time
6a046276c40e208abd59caed,65f2ae114ff6eaf05df92566,AWAITING REVIEW,Not Applicable,2026-05-13T11:37:26.145000Z,2026-05-13T11:44:01.888000Z,,2026-05-13T11:44:02.305133Z,396.0,C3L4TUH2,1789,English,Yes,45,Male,Mixed,United States,Japan,United States,English,No,Full-Time
6a046277c184b3d3a93de37f,6765b43b89ad0ef08204e8ca,AWAITING REVIEW,Not Applicable,2026-05-13T11:37:32.649000Z,2026-05-13T11:49:00.739000Z,,2026-05-13T11:49:01.137118Z,689.0,C3L4TUH2,313,English,Yes,48,Female,White,Germany,United Kingdom,Canada,English,Yes,Full-Time
6a0462793382d8d1466ea3db,69f8ae6e3ba8200f95025166,AWAITING REVIEW,Not Applicable,2026-05-13T11:37:51.523000Z,2026-05-13T11:56:36.817000Z,,2026-05-13T21:45:41.272719Z,1126.0,C3L4TUH2,10,"English, Dutch, French, German, Arabic",Yes,32,Male,Black,United States,South Africa,DATA_EXPIRED,English,No,Full-Time
6a04627a0f38134c43ff84ea,69db5ed1a19f0a5161fe96e2,AWAITING REVIEW,Not Applicable,2026-05-13T11:37:37.303000Z,2026-05-13T11:42:12.606000Z,,2026-05-13T11:42:13.004903Z,276.0,C3L4TUH2,200,English,Yes,48,Male,White,Canada,Canada,Canada,English,Yes,Full-Time
6a04627bae6bf26d9a7d4b32,6a00e16fa61a8a6bb57bb7ee,AWAITING REVIEW,Not Applicable,2026-05-13T11:37:34.460000Z,2026-05-13T11:39:44.123000Z,,2026-05-13T11:39:44.512858Z,130.0,C3L4TUH2,36,English,Yes,33,Male,White,United Kingdom,United Kingdom,United Kingdom,English,No,Full-Time
6a04627c748e5c2817a79fd4,69ee6366ef09e63b4b951d14,AWAITING REVIEW,Not Applicable,2026-05-13T11:37:37.091000Z,2026-05-13T11:55:04.972000Z,,2026-05-13T11:55:05.361943Z,1048.0,C3L4TUH2,9,English,Yes,35,Male,Mixed,United States,South Africa,South Africa,English,No,Full-Time
6a04627d6a6054699d3edc7a,69e37f461a93b529d112421c,AWAITING REVIEW,Not Applicable,2026-05-13T11:38:37.007000Z,2026-05-13T11:52:35.215000Z,,2026-05-13T11:52:35.654641Z,839.0,C3L4TUH2,86,English,"Yes, Yes",31,Female,Black,United States,South Africa,United States,English,Yes,Full-Time
6a04627e873f031f438f02fd,69d92298edccf1a4d7f6bf20,AWAITING REVIEW,Not Applicable,2026-05-13T11:37:34.445000Z,2026-05-13T11:49:40.552000Z,,2026-05-13T11:49:40.953087Z,727.0,C3L4TUH2,80,English,Yes,31,Male,Black,United States,South Africa,United States,English,No,Full-Time
6a0462800cadeb0e9b87e8d4,69f2635cbee103fcc4c0f2cf,AWAITING REVIEW,Not Applicable,2026-05-13T11:37:42.755000Z,2026-05-13T11:44:53.470000Z,,2026-05-13T11:44:53.874543Z,431.0,C3L4TUH2,110,English,Yes,36,Male,White,United Kingdom,United Kingdom,United Kingdom,English,No,Full-Time
6a0462805b5e37a2bfa7755b,5bc36079c9dbcd0001a842ed,AWAITING REVIEW,Not Applicable,2026-05-13T11:37:40.024000Z,2026-05-13T11:54:05.969000Z,,2026-05-13T11:54:06.358144Z,986.0,C3L4TUH2,2164,English,Yes,37,Female,White,United Kingdom,United Kingdom,United Kingdom,English,No,Full-Time
6a0462817733ba4b6cb145e8,69d9f45ef48eec440ba4cf8f,AWAITING REVIEW,Not Applicable,2026-05-13T11:39:07.672000Z,2026-05-13T11:55:31.464000Z,,2026-05-13T11:55:31.835985Z,984.0,C3L4TUH2,195,English,Yes,41,Female,Mixed,United States,South Africa,South Africa,English,No,Full-Time
6a0462817f0936aa1c66a107,6a0197ed3dcf31a53ee837db,AWAITING REVIEW,Not Applicable,2026-05-13T11:37:40.895000Z,2026-05-13T11:41:45.372000Z,,2026-05-13T11:41:45.913658Z,245.0,C3L4TUH2,47,English,Yes,30,Male,Asian,United Kingdom,United Kingdom,United Kingdom,English,No,Full-Time
6a046284be84a0b15efd3caa,69f773fba17d7f7813e727b2,AWAITING REVIEW,Not Applicable,2026-05-13T11:37:40.987000Z,2026-05-13T11:54:50.838000Z,,2026-05-13T11:54:51.227482Z,1030.0,C3L4TUH2,11,English,Yes,29,Male,Black,United States,South Africa,DATA_EXPIRED,English,Yes,Full-Time
6a046285e07fd26e9145f1bb,69e7fcc1b404e208c080b5f6,AWAITING REVIEW,Not Applicable,2026-05-13T11:38:01.964000Z,2026-05-13T11:49:45.264000Z,,2026-05-13T11:49:45.653580Z,704.0,C3L4TUH2,18,English,Yes,41,Male,White,United Kingdom,Australia,United Kingdom,English,No,Full-Time
6a0462870e92ae60add069e3,6669f64ecd7e3ec30632f607,AWAITING REVIEW,Not Applicable,2026-05-13T11:38:18.603000Z,2026-05-13T11:48:36.146000Z,,2026-05-13T11:48:36.545830Z,618.0,C3L4TUH2,1348,English,Yes,26,Female,Black,Nigeria,United Kingdom,Nigeria,English,No,Full-Time
6a046288afb68cdc7c96b680,697cce0e37b306c379cff8ea,AWAITING REVIEW,Not Applicable,2026-05-13T11:37:48.142000Z,2026-05-13T11:50:12.269000Z,,2026-05-13T11:50:12.692912Z,745.0,C3L4TUH2,99,English,Yes,30,Female,White,Ireland,Ireland,Ireland,English,No,Full-Time
6a0462895935c505ba9efc95,69b02cb4bbffd7cecd06c783,AWAITING REVIEW,Not Applicable,2026-05-13T11:37:51.993000Z,2026-05-13T11:53:11.753000Z,,2026-05-13T11:53:12.185225Z,920.0,C3L4TUH2,463,English,Yes,30,Female,White,Canada,Canada,Canada,English,No,Full-Time
6a04628c7cdf7928c5e93323,69f9a05978b9240c725ec69e,AWAITING REVIEW,Not Applicable,2026-05-13T11:37:48.843000Z,2026-05-13T11:50:41.355000Z,,2026-05-13T11:50:41.768845Z,773.0,C3L4TUH2,6,English,Yes,27,Male,Black,United States,South Africa,South Africa,English,No,Full-Time
6a04628c832d15e625fff278,69d5baf91b5a6b4c16645bb7,AWAITING REVIEW,Not Applicable,2026-05-13T11:37:55.387000Z,2026-05-13T11:42:35.426000Z,,2026-05-13T11:42:35.830055Z,281.0,C3L4TUH2,189,English,Yes,26,Female,White,Canada,Canada,Canada,English,No,Full-Time
6a04628ceef5dff17f70f1e3,69efdc5294f7198177091140,AWAITING REVIEW,Not Applicable,2026-05-13T11:37:55.934000Z,2026-05-13T11:47:42.829000Z,,2026-05-13T11:47:43.220003Z,587.0,C3L4TUH2,41,English,Yes,44,Male,White,Canada,Canada,Canada,English,No,Full-Time
6a04628d77d5ad9fd12de4d6,69f127420d585b15158240a2,AWAITING REVIEW,Not Applicable,2026-05-13T11:37:51.959000Z,2026-05-13T11:43:45.432000Z,,2026-05-13T11:43:45.867074Z,354.0,C3L4TUH2,79,English,Yes,30,Female,Mixed,United Kingdom,United Kingdom,United Kingdom,English,Yes,Full-Time
6a04628dc7a3461abaf935f5,69cbcb9a5c8b56847e4ebda5,AWAITING REVIEW,Not Applicable,2026-05-13T11:37:53.888000Z,2026-05-13T11:44:45.351000Z,,2026-05-13T11:44:45.738915Z,412.0,C3L4TUH2,647,English,Yes,33,Male,White,United Kingdom,United Kingdom,United Kingdom,English,No,Full-Time
6a04628e9bacf072b7c7f50b,69f6a5ce6d3469c298f18c23,AWAITING REVIEW,Not Applicable,2026-05-13T11:38:48.478000Z,2026-05-13T11:45:24.067000Z,,2026-05-13T11:45:24.492742Z,396.0,C3L4TUH2,53,English,Yes,19,Male,White,United Kingdom,United Kingdom,United Kingdom,English,No,Full-Time
6a04629071e2a5a04facdec7,62cbf51439a76e8fccd8a495,AWAITING REVIEW,Not Applicable,2026-05-13T11:38:02.512000Z,2026-05-13T11:50:33.943000Z,,2026-05-13T11:50:34.403119Z,752.0,C3L4TUH2,14114,English,Yes,62,Female,White,United States,United States,United States,English,No,Full-Time
6a04629192a6a7db0f6caa66,69d5e22099adc2f11a1cb1e0,AWAITING REVIEW,Not Applicable,2026-05-13T11:38:02.025000Z,2026-05-13T12:04:30.889000Z,,2026-05-13T12:04:31.277953Z,1589.0,C3L4TUH2,174,English,Yes,30,Female,Mixed,United States,South Africa,South Africa,English,No,Full-Time
6a04629593028f5c49b08605,67690558cb727baa2375ecba,AWAITING REVIEW,Not Applicable,2026-05-13T11:38:09.965000Z,2026-05-13T11:58:47.028000Z,,2026-05-13T11:58:47.414398Z,1238.0,C3L4TUH2,377,English,Yes,28,Male,Black,Kenya,United Kingdom,United Kingdom,English,No,Full-Time
6a046295c2bd48be86530d98,5a4ce99f5f74170001e0ff1a,AWAITING REVIEW,Not Applicable,2026-05-13T11:38:00.475000Z,2026-05-13T11:42:54.665000Z,,2026-05-13T11:42:55.203987Z,295.0,C3L4TUH2,2891,English,Yes,34,Female,White,United Kingdom,United Kingdom,United Kingdom,English,No,Full-Time
6a046298cbebcd0ad84af36c,69f38848b8c0660270bc39b0,AWAITING REVIEW,Not Applicable,2026-05-13T11:38:20.996000Z,2026-05-13T11:51:29.127000Z,,2026-05-13T11:51:29.503933Z,789.0,C3L4TUH2,102,English,Yes,34,Female,Black,United Kingdom,United Kingdom,United Kingdom,English,No,Full-Time
6a04629cb5052697fa187872,56361decdc62e5000bcb3ebe,AWAITING REVIEW,Not Applicable,2026-05-13T11:38:07.033000Z,2026-05-13T11:40:22.486000Z,,2026-05-13T11:40:22.893347Z,136.0,C3L4TUH2,485,English,Yes,37,Male,White,United Kingdom,United Kingdom,United Kingdom,English,No,Full-Time
6a04629edb515aea5fa9a7a7,69125d5085ace25001032a9d,AWAITING REVIEW,Not Applicable,2026-05-13T11:38:24.883000Z,2026-05-13T11:52:30.346000Z,,2026-05-13T11:52:30.793917Z,846.0,C3L4TUH2,506,English,Yes,38,Male,White,Australia,Australia,Australia,English,No,Full-Time
6a04629f1ad1bccc128c2e86,612adba08b8235b31539c704,AWAITING REVIEW,Not Applicable,2026-05-13T11:38:11.163000Z,2026-05-13T11:46:06.896000Z,,2026-05-13T11:46:07.381063Z,476.0,C3L4TUH2,6148,"English, Hungarian",Yes,34,Female,White,Hungary,United Kingdom,Hungary,English,No,Full-Time
6a0462a1bfe6e6c2963cf708,69e7ebff3900e7051bb24ae1,AWAITING REVIEW,Not Applicable,2026-05-13T11:38:11.726000Z,2026-05-13T11:42:02.209000Z,,2026-05-13T11:42:02.611538Z,231.0,C3L4TUH2,74,"English, Polish",Yes,32,Female,White,Poland,United Kingdom,United Kingdom,English,No,Full-Time
6a0462a9e63ea059149e3ba5,69a059466e8399919d49551e,AWAITING REVIEW,Not Applicable,2026-05-13T11:39:09.268000Z,2026-05-13T12:00:27.640000Z,,2026-05-13T12:00:28.101499Z,1279.0,C3L4TUH2,236,"English, Other",Yes,34,Female,Black,Nigeria,Canada,Nigeria,English,No,Full-Time
6a0462aa0185ba315352e9f6,6146fae1e27a56034fdcb5c5,AWAITING REVIEW,Not Applicable,2026-05-13T11:38:24.489000Z,2026-05-13T11:56:21.234000Z,,2026-05-13T11:56:21.639191Z,1077.0,C3L4TUH2,2580,English,Yes,35,Female,White,United Kingdom,United Kingdom,United Kingdom,English,Yes,Full-Time
6a0462ac15695ac68c6ea31a,5f9208ed6778c812060de7ed,AWAITING REVIEW,Not Applicable,2026-05-13T11:38:20.500000Z,2026-05-13T11:46:34.956000Z,,2026-05-13T11:46:35.345252Z,495.0,C3L4TUH2,339,English,Yes,26,Female,White,United Kingdom,United Kingdom,United Kingdom,English,No,Full-Time
6a0462ac6fe14f9e5a391a0d,69d6240e859be1a129afdeb4,AWAITING REVIEW,Not Applicable,2026-05-13T11:38:20.817000Z,2026-05-13T11:49:25.490000Z,,2026-05-13T11:49:25.881260Z,665.0,C3L4TUH2,25,English,Yes,31,Female,Black,United States,South Africa,United States,English,No,Full-Time
6a0462ae1b3d10cc52fe5a56,69f0df91111c212bbfe2af9b,AWAITING REVIEW,Not Applicable,2026-05-13T11:38:26.485000Z,2026-05-13T11:45:38.580000Z,,2026-05-13T11:45:38.999255Z,433.0,C3L4TUH2,65,English,Yes,39,Female,White,United States,United States,United States,English,No,Full-Time
6a0462ae3566ad6fe9dbd187,5e8dc06c8c085a02454c4b3c,AWAITING REVIEW,Not Applicable,2026-05-13T11:38:26.974000Z,2026-05-13T11:46:28.999000Z,,2026-05-13T11:46:29.433833Z,483.0,C3L4TUH2,440,English,Yes,29,Female,White,United Kingdom,United Kingdom,United Kingdom,English,No,Full-Time
6a0462b1117ebf2163d0cd59,699764c6d1c338e804355efd,AWAITING REVIEW,Not Applicable,2026-05-13T11:38:32.370000Z,2026-05-13T11:55:22.861000Z,,2026-05-13T11:55:23.246441Z,1011.0,C3L4TUH2,503,English,Yes,52,Male,White,Canada,Canada,Canada,English,No,Full-Time
6a0462b176e7d059c95b685c,69e8d0e7c03f7caf324674e9,AWAITING REVIEW,Not Applicable,2026-05-13T11:40:04.396000Z,2026-05-13T11:53:08.608000Z,,2026-05-13T11:53:09.022729Z,785.0,C3L4TUH2,96,English,Yes,33,Female,Black,United States,South Africa,DATA_EXPIRED,English,No,Full-Time
6a0462b441861c29b644a037,69e036682cec57400d8c4baf,AWAITING REVIEW,Not Applicable,2026-05-13T11:38:35.782000Z,2026-05-13T11:47:41.873000Z,,2026-05-13T11:47:42.310905Z,547.0,C3L4TUH2,598,English,Yes,35,Female,Black,United States,United States,United States,English,No,Full-Time
6a0462b520344cb45519d8f9,69d8bdacedcb4c3c71ed5f7e,AWAITING REVIEW,Not Applicable,2026-05-13T11:38:34.399000Z,2026-05-13T11:49:42.422000Z,,2026-05-13T11:49:42.917892Z,669.0,C3L4TUH2,50,English,Yes,52,Female,Black,United States,South Africa,South Africa,English,No,Full-Time
6a0462b67d08c310d71c87df,69f4a26e08fb26209d7ca5b5,AWAITING REVIEW,Not Applicable,2026-05-13T11:38:30.501000Z,2026-05-13T11:54:40.756000Z,,2026-05-13T11:56:27.135300Z,971.0,C3L4TUH2,53,"English, Other",Yes,53,Female,Black,South Africa,South Africa,South Africa,English,No,Full-Time
6a0462b6a725b95b51b3e790,63ea4b5592211a79471c9deb,AWAITING REVIEW,Not Applicable,2026-05-13T11:38:33.985000Z,2026-05-13T11:46:44.830000Z,,2026-05-13T11:46:45.228932Z,491.0,C3L4TUH2,3386,English,Yes,41,Male,White,United Kingdom,United Kingdom,United Kingdom,English,No,Full-Time
6a0462b8d7fe3fd1fa568a15,6a02ce9bbe734c912f2db40e,AWAITING REVIEW,Not Applicable,2026-05-13T11:38:34.191000Z,2026-05-13T11:44:25.724000Z,,2026-05-13T11:44:26.978453Z,352.0,C3L4TUH2,14,English,Yes,30,Male,White,Germany,United Kingdom,Germany,English,No,Full-Time
6a0462b90266a7fcb658a187,69dd6ad13b039a859ddf8d61,AWAITING REVIEW,Not Applicable,2026-05-13T11:38:33.280000Z,2026-05-13T11:53:34.493000Z,,2026-05-13T11:53:34.889156Z,902.0,C3L4TUH2,112,English,Yes,35,Male,Black,South Africa,South Africa,South Africa,English,No,Full-Time
6a0462b96c254abb87f127dd,69e46cb9827363690abd178c,AWAITING REVIEW,Not Applicable,2026-05-13T11:38:33.766000Z,2026-05-13T11:53:56.731000Z,,2026-05-13T11:53:57.123305Z,923.0,C3L4TUH2,73,English,Yes,26,Male,Black,United States,South Africa,South Africa,English,No,Full-Time
6a0462b993028f5c49b08607,69d7a7568070aacd3cf97ef0,AWAITING REVIEW,Not Applicable,2026-05-13T11:38:33.319000Z,2026-05-13T11:50:22.515000Z,,2026-05-13T11:50:22.886630Z,710.0,C3L4TUH2,95,English,Yes,20,Female,Mixed,United States,South Africa,South Africa,English,Yes,Full-Time
6a0462bb707ed6fe985684a6,602f57ea338e8ec1f6ccddbd,AWAITING REVIEW,Not Applicable,2026-05-13T11:38:44.399000Z,2026-05-13T11:53:38.012000Z,,2026-05-13T11:53:38.402870Z,894.0,C3L4TUH2,1759,English,Yes,24,Female,White,United Kingdom,United Kingdom,United Kingdom,English,Yes,Full-Time
6a0462bfe886ddb67e921c2f,6a0300f7306544e7819f05f7,AWAITING REVIEW,Not Applicable,2026-05-13T11:38:43.002000Z,2026-05-13T11:44:13.778000Z,,2026-05-13T11:44:14.186744Z,331.0,C3L4TUH2,7,English,Yes,30,Male,White,United Kingdom,United Kingdom,United Kingdom,English,No,Full-Time
6a0462c1a04d493688497aac,69ef579b32635891aacb1ffa,AWAITING REVIEW,Not Applicable,2026-05-13T11:38:51.736000Z,2026-05-13T11:43:49.531000Z,,2026-05-13T11:43:49.904401Z,298.0,C3L4TUH2,179,English,Yes,52,Female,White,United Kingdom,United Kingdom,United Kingdom,English,No,Full-Time
6a0462c20e8ee1238a8cb5c3,6091b2b1fec07f6e3f674cd3,AWAITING REVIEW,Not Applicable,2026-05-13T11:38:53.237000Z,2026-05-13T11:52:17.763000Z,,2026-05-13T11:52:18.157461Z,805.0,C3L4TUH2,701,English,Yes,34,Female,Black,Zimbabwe,South Africa,Zimbabwe,English,DATA_EXPIRED,Full-Time
6a0462c3c4519ab0aa7db72f,69db57b5e8dd8e9c01bcd866,AWAITING REVIEW,Not Applicable,2026-05-13T11:38:47.222000Z,2026-05-13T11:42:46.497000Z,,2026-05-13T11:42:46.867715Z,240.0,C3L4TUH2,432,English,Yes,30,Male,White,United States,United States,United States,English,No,Full-Time
6a0462c67b194f6629f7d515,69f4d8a64225ee43ae43cbf6,AWAITING REVIEW,Not Applicable,2026-05-13T11:38:50.706000Z,2026-05-13T11:48:06.020000Z,,2026-05-13T11:48:06.432978Z,556.0,C3L4TUH2,46,English,Yes,40,Female,White,United States,South Africa,South Africa,English,No,Full-Time
6a0462c777e96b4536363ff7,69fdfa3fa39f1d2367a4cbd1,AWAITING REVIEW,Not Applicable,2026-05-13T11:43:31.089000Z,2026-05-13T11:53:48.020000Z,,2026-05-13T11:53:48.433906Z,617.0,C3L4TUH2,4,English,Yes,33,Female,White,Ireland,Ireland,Ireland,English,No,Full-Time
6a0462c936bdab59b89cde93,69dd31f185a0c36d717592c5,AWAITING REVIEW,Not Applicable,2026-05-13T11:38:49.979000Z,2026-05-13T11:52:23.323000Z,,2026-05-13T11:52:23.734091Z,814.0,C3L4TUH2,76,"English, Portuguese",Yes,27,Female,Black,United States,South Africa,United States,English,No,Full-Time
6a0462c941861c29b644a039,69ea53a90c6cacb935a68043,AWAITING REVIEW,Not Applicable,2026-05-13T11:38:54.079000Z,2026-05-13T11:52:38.611000Z,,2026-05-13T11:52:39.689617Z,825.0,C3L4TUH2,350,English,Yes,36,Male,Black,United Kingdom,United Kingdom,United Kingdom,English,No,Full-Time
6a0462cbbaa85bc7a2234144,5c46294a8dcf8d000112d559,AWAITING REVIEW,Not Applicable,2026-05-13T11:38:55.270000Z,2026-05-13T11:46:11.548000Z,,2026-05-13T11:46:11.966201Z,437.0,C3L4TUH2,176,English,Yes,28,Female,Black,Ireland,Ireland,Ireland,English,Yes,Full-Time
6a0462cec097d926fd585c19,6a00b6713b3a76482e7abe62,AWAITING REVIEW,Not Applicable,2026-05-13T11:38:58.792000Z,2026-05-13T11:42:57.739000Z,,2026-05-13T11:42:58.132645Z,239.0,C3L4TUH2,1,English,Yes,47,Male,White,United Kingdom,United Kingdom,United Kingdom,English,No,Full-Time
6a0462cf14a42c7fb6c1cc75,69e40ceb5267b53c3fd1c6fa,AWAITING REVIEW,Not Applicable,2026-05-13T11:38:55.833000Z,2026-05-13T11:57:15.670000Z,,2026-05-13T11:57:16.061326Z,1100.0,C3L4TUH2,214,English,Yes,41,Female,Black,South Africa,South Africa,South Africa,English,Yes,Full-Time
6a0462d7d06dd7cc8b48e9bb,69e7864e04fa4eede81abedd,AWAITING REVIEW,Not Applicable,2026-05-13T11:41:44.502000Z,2026-05-13T12:00:20.485000Z,,2026-05-13T12:00:20.919367Z,1116.0,C3L4TUH2,82,English,Yes,31,Female,Black,South Africa,South Africa,South Africa,English,Yes,Full-Time
6a0462d8ae4b19c511c7f4d0,69d548c664490638a0aa6908,AWAITING REVIEW,Not Applicable,2026-05-13T11:39:04.622000Z,2026-05-13T11:46:53.482000Z,,2026-05-13T11:46:53.890864Z,469.0,C3L4TUH2,45,English,Yes,25,Female,Black,United States,South Africa,United States,English,No,Full-Time
6a0462d8c23d1aa41813502a,69d8dabcecbe2865242af4b7,AWAITING REVIEW,Not Applicable,2026-05-13T11:39:47.301000Z,2026-05-13T12:00:37.034000Z,,2026-05-13T12:00:37.441371Z,1250.0,C3L4TUH2,200,English,Yes,54,Male,Black,United States,South Africa,United States,English,No,Full-Time
6a0462d9e62d00b2d24c537c,69d7e59efd3fb896d82107a8,AWAITING REVIEW,Not Applicable,2026-05-13T11:39:05.968000Z,2026-05-13T11:56:11.073000Z,,2026-05-13T11:56:11.463709Z,1026.0,C3L4TUH2,148,English,Yes,39,Female,Black,United States,South Africa,United States,English,No,Full-Time
6a0462dbe28d71d4950b6a3c,69f3606a928f24b1d991c1b1,AWAITING REVIEW,Not Applicable,2026-05-13T11:39:12.222000Z,2026-05-13T11:56:02.087000Z,,2026-05-13T11:56:02.506635Z,1010.0,C3L4TUH2,68,English,Yes,31,Female,White,United Kingdom,United Kingdom,United Kingdom,English,No,Full-Time
6a0462dccb655a50b8fe5a75,69d56e77c9c23b286c91059e,AWAITING REVIEW,Not Applicable,2026-05-13T11:39:20.662000Z,2026-05-13T11:55:30.230000Z,,2026-05-13T11:55:30.628826Z,970.0,C3L4TUH2,43,"Afrikaans, English",Yes,27,Female,Black,United States,South Africa,United States,English,No,Full-Time
6a0462dd992440b9f92347f2,677681e87f2eb7ff5207bc52,AWAITING REVIEW,Not Applicable,2026-05-13T11:39:19.134000Z,2026-05-13T11:46:37.060000Z,,2026-05-13T11:46:37.462568Z,438.0,C3L4TUH2,1164,English,Yes,28,Female,White,United States,United States,United States,English,No,Full-Time
6a0462dea41adf59dde11baf,69f9151deac87fe85bb157db,AWAITING REVIEW,Not Applicable,2026-05-13T11:39:13.169000Z,2026-05-13T11:47:12.634000Z,,2026-05-13T11:47:13.048984Z,480.0,C3L4TUH2,10,English,Yes,32,Male,Black,Botswana,United Kingdom,Botswana,English,No,Full-Time
6a0462df5dfc5ccaaf0eec3a,6a01931f4d973fc9b1c1de20,AWAITING REVIEW,Not Applicable,2026-05-13T11:39:14.832000Z,2026-05-13T11:43:43.164000Z,,2026-05-13T11:43:43.562106Z,269.0,C3L4TUH2,8,English,Yes,28,Male,White,United Kingdom,United Kingdom,United Kingdom,English,No,Full-Time
6a0462e1e2a47b4be86e4e45,69de4400d1cf5083c48893b3,AWAITING REVIEW,Not Applicable,2026-05-13T11:39:13.833000Z,2026-05-13T11:51:16.531000Z,,2026-05-13T11:51:16.958975Z,723.0,C3L4TUH2,12,"English, Afrikaans",Yes,35,Female,Black,United States,South Africa,United States,English,No,Full-Time
6a0462e22fed9c39ac168489,5b3f327917ac2d00011caef2,AWAITING REVIEW,Not Applicable,2026-05-13T11:39:19.660000Z,2026-05-13T11:53:21.678000Z,,2026-05-13T11:53:22.067864Z,843.0,C3L4TUH2,1873,English,Yes,55,Female,White,United Kingdom,United Kingdom,United Kingdom,English,No,Full-Time
6a0462e468ccff2151681cf4,69d80cc8ba8b380a94f1040c,AWAITING REVIEW,Not Applicable,2026-05-13T11:39:16.925000Z,2026-05-13T11:51:16.112000Z,,2026-05-13T11:51:16.531566Z,720.0,C3L4TUH2,72,English,Yes,29,Female,Black,United States,South Africa,South Africa,English,No,Full-Time
6a0462e4dfaf375f6ff331a6,6997675dd93ddd40f244d28b,AWAITING REVIEW,Not Applicable,2026-05-13T11:39:49.474000Z,2026-05-13T11:51:41.486000Z,,2026-05-13T11:51:41.894236Z,713.0,C3L4TUH2,134,English,Yes,29,Male,Black,Nigeria,Canada,Canada,English,No,Full-Time
6a0462e59c79dcf6e4a47cfe,674620795259ea182ac1e2b5,AWAITING REVIEW,Not Applicable,2026-05-13T11:41:20.413000Z,2026-05-13T12:00:59.867000Z,,2026-05-13T12:01:00.268193Z,1180.0,C3L4TUH2,767,English,Yes,25,Male,Black,Nigeria,United Kingdom,United Kingdom,English,No,Full-Time
6a0462e610c4424d16463980,69f738d836d98271b8934f45,AWAITING REVIEW,Not Applicable,2026-05-13T11:39:32.055000Z,2026-05-13T11:56:28.158000Z,,2026-05-13T11:56:28.565518Z,1017.0,C3L4TUH2,77,English,Yes,25,Male,Asian,United Kingdom,United Kingdom,United Kingdom,English,No,Full-Time
6a0462e6d877ad65815684a5,69fb698ec13c699a83cf1fa8,AWAITING REVIEW,Not Applicable,2026-05-13T11:39:32.210000Z,2026-05-13T11:57:20.342000Z,,2026-05-13T11:57:20.728186Z,1069.0,C3L4TUH2,5,English,Yes,32,Male,Black,United Kingdom,United Kingdom,United Kingdom,English,No,Full-Time
6a0462e71a9a1f8b45386a8d,661124ea6eb49e5f25077328,AWAITING REVIEW,Not Applicable,2026-05-13T11:39:29.219000Z,2026-05-13T11:46:02.711000Z,,2026-05-13T11:46:03.155080Z,394.0,C3L4TUH2,4781,English,Yes,43,Male,White,United States,United States,United States,English,Yes,Full-Time
6a0462e8fd76fa8683eb6744,69f242adf4d5f56273e888d7,AWAITING REVIEW,Not Applicable,2026-05-13T11:39:29.087000Z,2026-05-13T11:53:12.442000Z,,2026-05-13T11:53:12.878866Z,824.0,C3L4TUH2,5,"English, Afrikaans",Yes,35,Male,Black,South Africa,South Africa,South Africa,English,Yes,Full-Time
6a0462eac3f9aec47e2347f9,60e408bded9930f470e68f06,AWAITING REVIEW,Not Applicable,2026-05-13T11:39:26.068000Z,2026-05-13T11:51:28.192000Z,,2026-05-13T11:51:28.574399Z,723.0,C3L4TUH2,294,English,Yes,36,Female,White,United Kingdom,United Kingdom,United Kingdom,English,No,Full-Time
6a0462f0d87ac3849a530d97,60578c6bcf9ae41762bd8adb,AWAITING REVIEW,Not Applicable,2026-05-13T11:39:31.631000Z,2026-05-13T11:43:34.909000Z,,2026-05-13T11:43:35.326990Z,244.0,C3L4TUH2,2592,English,Yes,40,Male,White,United Kingdom,United Kingdom,United Kingdom,English,Yes,Full-Time
6a0462f4612fb01b931f3a8b,6a01b8aa748a52876d702a98,AWAITING REVIEW,Not Applicable,2026-05-13T11:39:41.189000Z,2026-05-13T11:44:43.437000Z,,2026-05-13T11:44:43.828306Z,303.0,C3L4TUH2,27,English,Yes,35,Female,White,United Kingdom,United Kingdom,United Kingdom,English,No,Full-Time
6a0462f487bf218d7129a11c,69fe02590dfa6547c05b1e72,AWAITING REVIEW,Not Applicable,2026-05-13T11:39:49.604000Z,2026-05-13T12:00:19.391000Z,,2026-05-13T12:00:19.793854Z,1230.0,C3L4TUH2,8,English,Yes,32,Female,Black,United Kingdom,United Kingdom,United Kingdom,English,No,Full-Time
6a0462f6850772e3dc7094dc,6156eea00a1b487bcf7a3bda,AWAITING REVIEW,Not Applicable,2026-05-13T11:39:37.826000Z,2026-05-13T11:57:13.514000Z,,2026-05-13T11:57:13.908915Z,1056.0,C3L4TUH2,1750,English,Yes,48,Male,White,United Kingdom,United Kingdom,United Kingdom,English,No,Full-Time
6a0462fa5738f605bb05963b,5d20f6cbc1dc1c0001162dd5,AWAITING REVIEW,Not Applicable,2026-05-13T11:40:09.603000Z,2026-05-13T11:53:51.351000Z,,2026-05-13T11:53:51.750795Z,822.0,C3L4TUH2,4338,English,Yes,38,Female,White,United Kingdom,United Kingdom,United Kingdom,English,No,Full-Time
6a0462fb50639ec160a9a7a0,69f7e812b1abc5db9b1d0eac,AWAITING REVIEW,Not Applicable,2026-05-13T11:41:33.945000Z,2026-05-13T11:52:44.461000Z,,2026-05-13T11:52:45.053618Z,671.0,C3L4TUH2,35,English,Yes,51,Female,Black,South Africa,Australia,Australia,English,No,Full-Time
6a0462fba1f6009f113de337,6156fef09d1ab07148870099,AWAITING REVIEW,Not Applicable,2026-05-13T11:39:41.646000Z,2026-05-13T11:55:08.322000Z,,2026-05-13T11:55:08.760862Z,927.0,C3L4TUH2,9927,English,Yes,49,Female,White,United Kingdom,United Kingdom,United Kingdom,English,No,Full-Time
6a0463000a0a81810f24d841,69d75cf0a6aca6b968b6fca1,AWAITING REVIEW,Not Applicable,2026-05-13T11:39:44.014000Z,2026-05-13T11:51:52.863000Z,,2026-05-13T11:51:53.944253Z,729.0,C3L4TUH2,150,English,Yes,35,Female,Black,United States,South Africa,South Africa,English,No,Full-Time
6a0463018f49198217f8b8e4,5ca9106716aa84001725d880,AWAITING REVIEW,Not Applicable,2026-05-13T11:39:48.229000Z,2026-05-13T11:53:01.482000Z,,2026-05-13T11:53:01.869423Z,794.0,C3L4TUH2,3497,English,Yes,34,Female,White,United Kingdom,United Kingdom,United Kingdom,English,No,Full-Time
6a046301ab63bcd2ece7b370,69fef452afa0a6b32ca07cd3,AWAITING REVIEW,Not Applicable,2026-05-13T11:39:48.433000Z,2026-05-13T11:43:19.927000Z,,2026-05-13T11:43:20.399238Z,212.0,C3L4TUH2,23,English,Yes,32,Male,White,United Kingdom,United Kingdom,United Kingdom,English,No,Full-Time
6a0463046783ae016c0ed915,69ebafd2ae7d2f41d44432d9,AWAITING REVIEW,Not Applicable,2026-05-13T11:39:48.212000Z,2026-05-13T11:40:56.311000Z,,2026-05-13T11:40:56.844855Z,69.0,CEUSHOX6,13,English,Yes,21,Female,White,United States,South Africa,South Africa,English,No,Full-Time
6a04630569f4e6141c07b75e,6a00db50a1deaae7c5f9568f,AWAITING REVIEW,Not Applicable,2026-05-13T11:39:55.704000Z,2026-05-13T11:50:04.329000Z,,2026-05-13T11:50:04.731340Z,609.0,C3L4TUH2,19,English,Yes,39,Male,White,United Kingdom,United Kingdom,United Kingdom,English,No,Full-Time
6a04630acd99804f3bf76292,655a97bf4d75ee9bf7ab0794,AWAITING REVIEW,Not Applicable,2026-05-13T11:39:59.245000Z,2026-05-13T11:48:41.071000Z,,2026-05-13T11:48:41.504985Z,522.0,C3L4TUH2,2504,English,Yes,54,Male,White,Ireland,Ireland,Ireland,English,No,Full-Time
6a04630b2a08128aca1ef392,66fc53d11e60723c3c9acf8d,AWAITING REVIEW,Not Applicable,2026-05-13T11:40:46.005000Z,2026-05-13T11:46:55.679000Z,,2026-05-13T11:46:56.121592Z,370.0,C3L4TUH2,1453,English,Yes,41,Male,White,United Kingdom,United Kingdom,United Kingdom,English,No,Full-Time
6a04630bdeb0281394fc76a6,69d5e9bc91feeaa37fc2899c,AWAITING REVIEW,Not Applicable,2026-05-13T11:40:03.178000Z,2026-05-13T11:53:07.873000Z,,2026-05-13T11:53:08.311555Z,785.0,C3L4TUH2,277,English,Yes,27,Female,Mixed,United States,South Africa,United States,English,No,Full-Time
6a04630c92310a75ab4d793e,69de6fb713b29ac3ccb758af,AWAITING REVIEW,Not Applicable,2026-05-13T11:39:56.274000Z,2026-05-13T12:01:54.874000Z,,2026-05-13T12:01:55.268063Z,1319.0,C3L4TUH2,49,"English, German, Dutch, Arabic, Spanish",Yes,22,Female,Black,United States,South Africa,DATA_EXPIRED,English,Yes,Full-Time
6a04630ff4378f917fb30e29,69fb31e30418f19608fe6495,AWAITING REVIEW,Not Applicable,2026-05-13T11:40:03.018000Z,2026-05-13T11:47:02.659000Z,,2026-05-13T11:47:03.054935Z,420.0,C3L4TUH2,16,English,Yes,31,Male,Black,United Kingdom,United Kingdom,United Kingdom,English,No,Full-Time
6a046312d823580340187899,63039343fd5a2e6fb88d2c61,AWAITING REVIEW,Not Applicable,2026-05-13T11:40:09.720000Z,2026-05-13T11:45:58.859000Z,,2026-05-13T11:45:59.239866Z,350.0,C3L4TUH2,3636,English,Yes,42,Male,White,United Kingdom,United Kingdom,United Kingdom,English,No,Full-Time
6a0463152f9d2a71eb4c5365,69a76306cbd439e44eae56de,AWAITING REVIEW,Not Applicable,2026-05-13T11:40:50.802000Z,2026-05-13T11:55:54.958000Z,,2026-05-13T11:55:55.376076Z,905.0,C3L4TUH2,660,English,Yes,77,Male,White,United States,United States,United States,English,No,Full-Time
6a04631561b341d517d8e252,69e0212b70f9b527bb4a2e09,AWAITING REVIEW,Not Applicable,2026-05-13T11:40:12.664000Z,2026-05-13T11:44:30.909000Z,,2026-05-13T11:44:31.303097Z,259.0,C3L4TUH2,373,English,Yes,66,Female,Black,United States,United States,United States,English,No,Full-Time
6a04631657a95908922fe64f,69ed0a7cbc81f631380a9ced,AWAITING REVIEW,Not Applicable,2026-05-13T11:40:06.171000Z,2026-05-13T11:59:13.959000Z,,2026-05-13T11:59:14.372152Z,1148.0,C3L4TUH2,49,English,Yes,66,Female,Black,South Africa,South Africa,South Africa,English,No,Full-Time
6a046319dbf7edba4d144861,69c16b869bbaf9f54a22ad6b,AWAITING REVIEW,Not Applicable,2026-05-13T11:44:34.142000Z,2026-05-13T11:57:08.609000Z,,2026-05-13T11:57:09.001534Z,755.0,C3L4TUH2,496,English,Yes,34,Male,Black,United States,United States,United States,English,No,Full-Time
6a04631b32f13547477cf5dd,66b792a09354b3fa1a3c5af9,AWAITING REVIEW,Not Applicable,2026-05-13T11:40:15.972000Z,2026-05-13T11:50:57.466000Z,,2026-05-13T11:50:57.892530Z,642.0,C3L4TUH2,3319,English,Yes,28,Male,Mixed,United Kingdom,United Kingdom,United Kingdom,English,DATA_EXPIRED,Full-Time
6a04631cc787de0a80daf48f,69fe8d0b1b03e0d3432cc2ac,AWAITING REVIEW,Not Applicable,2026-05-13T11:40:17.366000Z,2026-05-13T11:46:58.198000Z,,2026-05-13T11:46:58.561046Z,401.0,C3L4TUH2,31,English,Yes,25,Male,White,United Kingdom,United Kingdom,United Kingdom,English,No,Full-Time
6a04631f29a616f64aeb6742,66a276d13f40200c70c28109,AWAITING REVIEW,Not Applicable,2026-05-13T11:40:18.200000Z,2026-05-13T11:47:53.157000Z,,2026-05-13T11:47:53.572004Z,455.0,C3L4TUH2,5510,English,Yes,48,Female,White,United States,United States,United States,English,No,Full-Time
6a04631fce6e410f6eadc5f1,69fe00b34adec4f226d8b9c4,AWAITING REVIEW,Not Applicable,2026-05-13T11:40:19.308000Z,2026-05-13T11:49:01.816000Z,,2026-05-13T11:49:02.228292Z,523.0,C3L4TUH2,24,English,Yes,43,Male,White,United Kingdom,United Kingdom,United Kingdom,English,No,Full-Time
6a0463205fa8795ac6a47cd5,69d6019688cacadd3587396a,AWAITING REVIEW,Not Applicable,2026-05-13T11:40:16.450000Z,2026-05-13T11:45:11.484000Z,,2026-05-13T11:45:11.896829Z,296.0,C3L4TUH2,143,English,Yes,31,Female,Mixed,United States,South Africa,South Africa,English,No,Full-Time
6a046323dfaf375f6ff331ab,655386dc470f6217a78fec03,AWAITING REVIEW,Not Applicable,2026-05-13T11:40:23.086000Z,2026-05-13T11:46:12.650000Z,,2026-05-13T11:46:13.050444Z,350.0,C3L4TUH2,3821,English,Yes,43,Female,White,United States,United States,United States,English,Yes,Full-Time
6a04632a6b579a35ce2aceda,69f0a3fd0d47cea8a95f0ab5,AWAITING REVIEW,Not Applicable,2026-05-13T11:40:53.421000Z,2026-05-13T11:52:11.106000Z,,2026-05-13T11:52:11.543139Z,678.0,C3L4TUH2,11,English,Yes,29,Female,White,United Kingdom,United Kingdom,United Kingdom,English,No,Full-Time
6a0463341abebd573f33d515,69daa62efcd5dd690bbd1cd1,AWAITING REVIEW,Not Applicable,2026-05-13T11:40:36.811000Z,2026-05-13T11:55:53.525000Z,,2026-05-13T11:55:53.969077Z,917.0,C3L4TUH2,104,English,Yes,40,Female,Black,South Africa,South Africa,South Africa,English,Yes,Full-Time
6a046339db7bc343606b38b9,69e8ccd6b0aa94138ddc8a34,AWAITING REVIEW,Not Applicable,2026-05-13T11:40:57.961000Z,2026-05-13T11:59:26.908000Z,,2026-05-13T13:03:19.888528Z,1109.0,NOCODE,15,"Dutch, English, French, Indonesian, German",Yes,23,Male,Black,United States,South Africa,DATA_EXPIRED,English,Yes,Full-Time
6a04633b3f641e24868259ab,5f632eba01d0853da2464c44,AWAITING REVIEW,Not Applicable,2026-05-13T11:40:48.357000Z,2026-05-13T11:46:42.219000Z,,2026-05-13T11:46:42.635266Z,354.0,C3L4TUH2,2729,English,Yes,53,Male,White,United Kingdom,United Kingdom,United Kingdom,English,No,Full-Time
6a04633f0b9ef1d8662f8d30,69f88be0f193ae629046cb6c,AWAITING REVIEW,Not Applicable,2026-05-13T11:40:52.304000Z,2026-05-13T11:46:58.666000Z,,2026-05-13T11:46:59.081836Z,367.0,C3L4TUH2,150,English,Yes,32,Female,White,United States,United States,United States,English,No,Full-Time
6a0463411ad1bccc128c2e96,6748aaca953626ea90f8dda8,AWAITING REVIEW,Not Applicable,2026-05-13T11:41:04.335000Z,2026-05-13T11:56:29.382000Z,,2026-05-13T11:56:29.795628Z,926.0,C3L4TUH2,277,English,Yes,35,Male,Black,United Kingdom,United Kingdom,Ghana,English,DATA_EXPIRED,Full-Time
6a04634ca43bd6116e4305fb,669932af4a4248435cdd8aef,AWAITING REVIEW,Not Applicable,2026-05-13T11:41:04.436000Z,2026-05-13T11:54:08.340000Z,,2026-05-13T11:54:08.782362Z,784.0,C3L4TUH2,142,English,Yes,29,Female,White,United Kingdom,United Kingdom,United Kingdom,English,No,Full-Time
6a04635220344cb45519d903,69fca56e517fcaaa5b3ffb24,AWAITING REVIEW,Not Applicable,2026-05-13T11:41:10.843000Z,2026-05-13T11:47:21.285000Z,,2026-05-13T11:47:21.670044Z,371.0,C3L4TUH2,4,English,Yes,29,Female,White,Russian Federation,United Kingdom,Ireland,English,No,Full-Time
6a04635856354c9c5ffd3f80,6a00ac267ebba2d220640cd0,AWAITING REVIEW,Not Applicable,2026-05-13T11:41:16.927000Z,2026-05-13T11:45:48.577000Z,,2026-05-13T11:45:48.979027Z,272.0,C3L4TUH2,11,English,Yes,49,Male,White,United Kingdom,United Kingdom,United Kingdom,English,No,Full-Time
6a04635c316bbbaebf1f04e4,5eff6065cc8d32014292657f,AWAITING REVIEW,Not Applicable,2026-05-13T11:41:18.271000Z,2026-05-13T11:46:02.614000Z,,2026-05-13T11:46:02.995509Z,285.0,C3L4TUH2,3759,English,Yes,38,Female,White,United Kingdom,United Kingdom,United Kingdom,English,Yes,Full-Time
6a046364837f9dcf9a39cb9f,5bd2a0799afb5b00015be460,AWAITING REVIEW,Not Applicable,2026-05-13T11:41:28.195000Z,2026-05-13T11:49:49.655000Z,,2026-05-13T11:49:50.027885Z,502.0,C3L4TUH2,8989,English,Yes,53,Female,White,United Kingdom,United Kingdom,United Kingdom,English,Yes,Full-Time
6a046367ef2a0c2aef9b7eac,654bacb9465eb379fb5b7f3f,AWAITING REVIEW,Not Applicable,2026-05-13T11:41:30.043000Z,2026-05-13T11:44:56.144000Z,,2026-05-13T11:44:56.559040Z,207.0,C3L4TUH2,363,English,Yes,38,Female,White,Australia,United Kingdom,Australia,English,No,Full-Time
6a0463684c2d10115a74ec2d,69e7562d3d891f6d777627e2,AWAITING REVIEW,Not Applicable,2026-05-13T11:41:33.108000Z,2026-05-13T11:45:30.756000Z,,2026-05-13T11:45:31.171348Z,238.0,C3L4TUH2,161,English,Yes,33,Female,White,United Kingdom,United Kingdom,United Kingdom,English,No,Full-Time
6a04636ac097d926fd585c20,69d8e49b98b0aa3fdeee58a0,AWAITING REVIEW,Not Applicable,2026-05-13T11:41:41.578000Z,2026-05-13T12:02:15.578000Z,,2026-05-13T12:02:15.971131Z,1234.0,C3L4TUH2,59,English,Yes,34,Male,Black,South Africa,South Africa,South Africa,English,No,Full-Time
6a04636ff5b122343a2d53b5,5b50881a59119400018abaf3,AWAITING REVIEW,Not Applicable,2026-05-13T11:41:38.910000Z,2026-05-13T11:49:41.753000Z,,2026-05-13T11:49:42.172924Z,483.0,C3L4TUH2,6515,English,Yes,44,Female,White,United States,United States,United States,English,No,Full-Time
6a04637117175d4abaa14a0a,63d3fada47de3a294210f997,AWAITING REVIEW,Not Applicable,2026-05-13T11:41:40.801000Z,2026-05-13T11:46:46.396000Z,,2026-05-13T11:46:46.792204Z,306.0,C3L4TUH2,741,English,Yes,37,Female,White,United Kingdom,United Kingdom,United Kingdom,English,No,Full-Time
6a0463940c33843a027169b6,69df8b17babf9d766cb78eb8,AWAITING REVIEW,Not Applicable,2026-05-13T11:42:12.068000Z,2026-05-13T12:08:27.943000Z,,2026-05-13T12:08:28.341929Z,1576.0,C3L4TUH2,5,"Afrikaans, English",Yes,40,Female,Black,South Africa,South Africa,South Africa,English,Yes,Full-Time
6a046395857ab71a348e0bf8,6a020d4035f5b4887d34f8bf,AWAITING REVIEW,Not Applicable,2026-05-13T11:42:17.149000Z,2026-05-13T11:49:52.762000Z,,2026-05-13T11:49:53.172182Z,456.0,C3L4TUH2,37,English,Yes,35,Male,White,United Kingdom,United Kingdom,United Kingdom,English,No,Full-Time
6a04639b8b9f9cdf8b2650f1,5a9fa90f873cda00010d29d8,AWAITING REVIEW,Not Applicable,2026-05-13T11:42:21.353000Z,2026-05-13T11:49:42.548000Z,,2026-05-13T11:49:42.972842Z,442.0,C3L4TUH2,9078,English,Yes,26,Male,White,United Kingdom,United Kingdom,United Kingdom,English,DATA_EXPIRED,Full-Time
6a04639e0c6486e9a7c508dd,563f734bcbd4c60005dc9442,AWAITING REVIEW,Not Applicable,2026-05-13T11:42:25.764000Z,2026-05-13T11:48:32.781000Z,,2026-05-13T11:48:33.183166Z,368.0,C3L4TUH2,11705,English,Yes,53,Male,White,United Kingdom,United Kingdom,United Kingdom,English,No,Full-Time
6a0463a1d15a4709a477cc5b,69a65ea91d6f5041d8312205,AWAITING REVIEW,Not Applicable,2026-05-13T11:42:30.600000Z,2026-05-13T11:56:51.188000Z,,2026-05-13T11:56:51.633793Z,861.0,C3L4TUH2,779,English,Yes,46,Male,Black,United States,United States,United States,English,No,Full-Time
6a0463a3cdd0c01c34ad674a,63ced2ac873e8ce2bfbd9f0f,AWAITING REVIEW,Not Applicable,2026-05-13T11:42:32.380000Z,2026-05-13T11:47:22.829000Z,,2026-05-13T11:47:23.220311Z,291.0,C3L4TUH2,2075,English,Yes,39,Male,White,United Kingdom,United Kingdom,United Kingdom,English,No,Full-Time
6a0463a460a1e59f3b170cd2,69ea127be7c58529e1ee223a,AWAITING REVIEW,Not Applicable,2026-05-13T11:43:04.412000Z,2026-05-13T11:55:50.296000Z,,2026-05-13T11:55:50.681166Z,766.0,C3L4TUH2,203,English,Yes,32,Male,White,United Kingdom,United Kingdom,United Kingdom,English,No,Full-Time
6a0463a57c27c9140d4da1c2,69e20c578a10512742dacbe0,AWAITING REVIEW,Not Applicable,2026-05-13T11:42:29.326000Z,2026-05-13T11:56:04.977000Z,,2026-05-13T11:56:05.401227Z,816.0,C3L4TUH2,25,English,Yes,22,Female,Black,United States,South Africa,South Africa,English,No,Full-Time
6a0463ad68872e53b905aa1a,69fc365d8473e80b21d3433b,AWAITING REVIEW,Not Applicable,2026-05-13T11:43:04.840000Z,2026-05-13T11:48:13.773000Z,,2026-05-13T11:48:14.184859Z,309.0,C3L4TUH2,34,English,Yes,36,Male,White,United Kingdom,United Kingdom,United Kingdom,English,No,Full-Time
6a0463b109f258ab47b8683e,604fa685e33606f9a0ee8189,AWAITING REVIEW,Not Applicable,2026-05-13T11:42:44.564000Z,2026-05-13T11:55:21.858000Z,,2026-05-13T11:55:22.282153Z,758.0,C3L4TUH2,6539,English,Yes,29,Female,White,United Kingdom,United Kingdom,United Kingdom,English,No,Full-Time
6a0463ca00e4a0333970f1f9,6a019e6b8da7695beb0edc1b,AWAITING REVIEW,Not Applicable,2026-05-13T11:43:09.874000Z,2026-05-13T11:48:32.092000Z,,2026-05-13T11:48:32.527803Z,323.0,C3L4TUH2,24,English,Yes,26,Female,White,United Kingdom,United Kingdom,United Kingdom,English,No,Full-Time
6a0463cd69a486565c6561e8,5a47473899311d0001df550e,AWAITING REVIEW,Not Applicable,2026-05-13T11:43:19.894000Z,2026-05-13T11:49:27.218000Z,,2026-05-13T11:49:27.618392Z,368.0,C3L4TUH2,7326,English,Yes,43,Female,White,United Kingdom,United Kingdom,United Kingdom,English,No,Full-Time
6a0463d4303c330ff28b4494,69f22c1fa4c3cb34d40d3bc6,AWAITING REVIEW,Not Applicable,2026-05-13T11:43:25.785000Z,2026-05-13T11:56:09.664000Z,,2026-05-13T11:56:10.091374Z,764.0,C3L4TUH2,183,English,Yes,44,Female,White,United Kingdom,United Kingdom,United Kingdom,English,No,Full-Time
6a0463d8940d35ccd366770c,69fe00a4ae54ed337ee93fcf,AWAITING REVIEW,Not Applicable,2026-05-13T11:43:22.996000Z,2026-05-13T11:50:29.483000Z,,2026-05-13T11:50:29.869577Z,427.0,C3L4TUH2,29,English,Yes,36,Female,White,United Kingdom,United Kingdom,United Kingdom,English,No,Full-Time
6a0463e22355d8258589b941,595fd893a670a10001941bf9,AWAITING REVIEW,Not Applicable,2026-05-13T11:43:35.079000Z,2026-05-13T11:47:04.498000Z,,2026-05-13T11:47:04.896447Z,210.0,C3L4TUH2,1017,English,Yes,32,Female,White,United Kingdom,United Kingdom,United Kingdom,English,No,Full-Time
6a0463e99c05f2d871718e6b,69da5aa8ad6e1bc7b86a8b92,AWAITING REVIEW,Not Applicable,2026-05-13T11:43:37.953000Z,2026-05-13T11:56:50.420000Z,,2026-05-13T11:56:50.825191Z,793.0,C3L4TUH2,53,English,Yes,30,Male,Black,United States,South Africa,United States,English,Yes,Full-Time
6a0463ea6ebcda4d289e3bb0,66d31a1b0515fe747830bab9,AWAITING REVIEW,Not Applicable,2026-05-13T11:43:42.761000Z,2026-05-13T11:51:52.721000Z,,2026-05-13T11:51:53.180004Z,490.0,C3L4TUH2,6977,English,Yes,61,Male,White,United Kingdom,United Kingdom,United Kingdom,English,No,Full-Time
6a0463ec0b0f4198e92476f9,64137637072cad5ece2ec192,AWAITING REVIEW,Not Applicable,2026-05-13T11:48:34.497000Z,2026-05-13T11:55:45.745000Z,,2026-05-13T11:55:46.171135Z,432.0,C3L4TUH2,919,English,Yes,41,Female,White,United Kingdom,United Kingdom,United Kingdom,English,No,Full-Time
6a0463f6b955dcbc841a924f,69f1f0bf3327633ab872476d,AWAITING REVIEW,Not Applicable,2026-05-13T11:44:03.370000Z,2026-05-13T12:00:06.395000Z,,2026-05-13T12:00:06.800252Z,964.0,C3L4TUH2,35,English,Yes,24,Female,Black,United States,South Africa,United States,English,No,Full-Time
6a0463f72d1b059390d7a54d,6a01ecda3404a010fb4e8c5a,AWAITING REVIEW,Not Applicable,2026-05-13T11:43:55.170000Z,2026-05-13T11:49:56.997000Z,,2026-05-13T11:49:57.405928Z,362.0,C3L4TUH2,23,English,Yes,54,Female,White,United States,United States,United States,English,No,Full-Time
6a046406804be43cff2ac07b,69e475cef8621ab0e297ef76,AWAITING REVIEW,Not Applicable,2026-05-13T11:44:20.765000Z,2026-05-13T11:56:07.593000Z,,2026-05-13T11:56:08.113396Z,707.0,C3L4TUH2,27,English,Yes,22,Male,Black,Canada,Canada,Canada,English,Yes,Full-Time
6a04641fa64b14a1155a1ef0,67c4c8f9fa9ba2b8a265b2f4,AWAITING REVIEW,Not Applicable,2026-05-13T11:44:36.091000Z,2026-05-13T11:48:34.858000Z,,2026-05-13T11:48:35.254996Z,239.0,C3L4TUH2,4008,English,Yes,51,Male,White,United States,United States,United States,English,No,Full-Time
6a04642100e4a0333970f201,671bbaf1bec15d847b871b9b,AWAITING REVIEW,Not Applicable,2026-05-13T11:44:38.481000Z,2026-05-13T11:51:50.491000Z,,2026-05-13T11:51:50.907796Z,433.0,C3L4TUH2,10670,English,Yes,34,Male,Black,Kenya,United States,Kenya,English,No,Full-Time
6a046424b3a09ce47517f817,5f0dafdb774977037b78d444,AWAITING REVIEW,Not Applicable,2026-05-13T11:44:41.231000Z,2026-05-13T11:58:26.287000Z,,2026-05-13T11:58:26.709279Z,826.0,C3L4TUH2,3805,English,Yes,59,Male,White,United Kingdom,United Kingdom,United Kingdom,English,No,Full-Time
6a046425049e2fac88c9de98,69e7a23adb7bd49a6c44a3cf,AWAITING REVIEW,Not Applicable,2026-05-13T11:44:37.970000Z,2026-05-13T11:58:21.699000Z,,2026-05-13T11:58:22.096760Z,824.0,C3L4TUH2,60,English,Yes,33,Female,Black,United States,South Africa,South Africa,English,Yes,Full-Time
6a04642f77e96b4536364002,69f0bd80162888b7965b7eec,AWAITING REVIEW,Not Applicable,2026-05-13T11:44:49.821000Z,2026-05-13T11:50:14.843000Z,,2026-05-13T11:50:15.237065Z,326.0,C3L4TUH2,53,English,Yes,35,Male,White,United Kingdom,United Kingdom,United Kingdom,English,No,Full-Time
6a046430c77bfce8d3666a53,5ba292385301b80001c71ba2,AWAITING REVIEW,Not Applicable,2026-05-13T11:44:50.959000Z,2026-05-13T11:58:12.297000Z,,2026-05-13T11:58:12.710586Z,802.0,C3L4TUH2,19446,English,Yes,53,Male,White,United States,United States,United States,English,No,Full-Time
6a046437da5335e920282ea1,5bd6c7a7abc5ee00017a5928,AWAITING REVIEW,Not Applicable,2026-05-13T11:44:55.393000Z,2026-05-13T11:51:44.413000Z,,2026-05-13T11:51:44.809360Z,410.0,C3L4TUH2,2635,English,Yes,53,Male,White,United Kingdom,United Kingdom,United Kingdom,English,No,Full-Time
6a04644076e7d059c95b6871,69f86c159759ed0f53ddc85a,AWAITING REVIEW,Not Applicable,2026-05-13T11:45:04.046000Z,2026-05-13T11:54:55.120000Z,,2026-05-13T11:54:55.635451Z,592.0,CEUSHOX6,35,English,Yes,21,Female,Mixed,United States,South Africa,United States,English,No,Full-Time
6a0464445c8adfbb29f2adbc,691fac570f5670f43e5efb23,AWAITING REVIEW,Not Applicable,2026-05-13T11:45:10.876000Z,2026-05-13T11:51:15.384000Z,,2026-05-13T11:51:15.838600Z,365.0,C3L4TUH2,1453,"English, Vietnamese",Yes,42,Male,Asian,Canada,Canada,Canada,English,No,Full-Time
6a04644a2553deb693d27462,69becb435c5d162e6570e114,AWAITING REVIEW,Not Applicable,2026-05-13T11:45:18.538000Z,2026-05-13T11:55:18.514000Z,,2026-05-13T11:55:18.945105Z,600.0,C3L4TUH2,295,English,Yes,55,Male,White,Canada,Canada,Canada,English,No,Full-Time
6a046451968e75d7820839b2,63e59ee5226fa6bbe1be8ecf,AWAITING REVIEW,Not Applicable,2026-05-13T11:45:21.428000Z,2026-05-13T11:55:45.484000Z,,2026-05-13T11:55:45.866616Z,625.0,C3L4TUH2,2875,English,Yes,21,Male,White,Australia,Australia,Australia,English,No,Full-Time
6a04646b2620625ba64c540e,69f39eae4d3327c43c215a8d,AWAITING REVIEW,Not Applicable,2026-05-13T11:46:03.550000Z,2026-05-13T12:00:24.233000Z,,2026-05-13T12:00:24.655710Z,861.0,C3L4TUH2,29,English,Yes,35,Female,Black,Bermuda,United Kingdom,Bermuda,English,No,Full-Time
6a04646ee5153fa5d028206b,69d6553e138bc95053bcec1a,AWAITING REVIEW,Not Applicable,2026-05-13T11:45:50.699000Z,2026-05-13T12:03:41.201000Z,,2026-05-13T12:03:41.615566Z,1071.0,C3L4TUH2,217,"English, Dutch, Chinese, Japanese, Mandarin",Yes,65,Female,Black,United States,South Africa,United States,English,Yes,Full-Time
6a0464792dd2463313c9dea7,6a01ddb19a96f6791c7606c1,AWAITING REVIEW,Not Applicable,2026-05-13T11:46:06.170000Z,2026-05-13T12:01:02.890000Z,,2026-05-13T12:01:03.399113Z,897.0,C3L4TUH2,22,English,Yes,26,Male,White,United Kingdom,United Kingdom,United Kingdom,English,No,Full-Time
6a04649a8b1e5cd54a0bd4de,6710a58eeff954cb2243950e,AWAITING REVIEW,Not Applicable,2026-05-13T11:46:37.512000Z,2026-05-13T12:00:05.492000Z,,2026-05-13T12:00:05.920313Z,808.0,C3L4TUH2,6473,English,Yes,55,Female,Black,United Kingdom,United Kingdom,United Kingdom,English,No,Full-Time
6a04649d8ceb30450c5e30a6,69fd3fd84f34af943080ea0f,AWAITING REVIEW,Not Applicable,2026-05-13T11:46:44.259000Z,2026-05-13T11:53:58.719000Z,,2026-05-13T11:53:59.122201Z,435.0,C3L4TUH2,5,English,Yes,30,Male,Black,Nigeria,Canada,Nigeria,English,No,Full-Time
6a04649f3fd1b4aa8782139e,5eac3b9d594017087b3788af,AWAITING REVIEW,Not Applicable,2026-05-13T11:46:41.996000Z,2026-05-13T11:53:22.182000Z,,2026-05-13T11:53:22.579073Z,401.0,C3L4TUH2,3551,English,Yes,56,Male,White,United Kingdom,United Kingdom,United Kingdom,English,No,Full-Time
6a0464a0a7790a6d381067a6,6817599e23a975b3a1fcaa79,AWAITING REVIEW,Not Applicable,2026-05-13T11:46:46.033000Z,2026-05-13T11:58:36.379000Z,,2026-05-14T07:40:22.242305Z,711.0,C3L4TUH2,247,English,Yes,27,Male,Mixed,Kenya,Ireland,Ireland,English,No,Full-Time
6a0464a5f720e491972e4241,69ee92299545b50c5089827d,AWAITING REVIEW,Not Applicable,2026-05-13T11:46:47.701000Z,2026-05-13T11:57:17.240000Z,,2026-05-13T11:57:17.616293Z,630.0,C3L4TUH2,187,English,Yes,27,Female,Black,United Kingdom,United Kingdom,United Kingdom,English,No,Full-Time
6a0464aa4d91399d516e1505,69f669ce8ebd75c6be01e9dc,AWAITING REVIEW,Not Applicable,2026-05-13T11:47:30.036000Z,2026-05-13T11:56:44.995000Z,,2026-05-13T11:56:45.405643Z,555.0,C3L4TUH2,62,English,Yes,49,Female,White,United Kingdom,United Kingdom,United Kingdom,English,No,Full-Time
6a0464af6050a8439e5357b9,675e06422af6e9cb4bcbd459,AWAITING REVIEW,Not Applicable,2026-05-13T11:46:58.742000Z,2026-05-13T11:55:27.650000Z,,2026-05-13T11:55:28.058694Z,509.0,C3L4TUH2,2560,English,Yes,36,Male,White,United Kingdom,United Kingdom,United Kingdom,English,No,Full-Time
6a0464c5ed293028222acefa,5dd9a7ff98981d926df9ea18,AWAITING REVIEW,Not Applicable,2026-05-13T11:47:22.609000Z,2026-05-13T11:53:21.457000Z,,2026-05-13T11:53:21.887821Z,359.0,C3L4TUH2,2749,English,Yes,27,Male,White,United Kingdom,United Kingdom,United Kingdom,English,No,Full-Time
6a0464d1cc89e2deeae3703c,5d7ff85ffec5620017b07c40,AWAITING REVIEW,Not Applicable,2026-05-13T11:47:33.725000Z,2026-05-13T12:04:01.928000Z,,2026-05-13T12:04:02.347299Z,989.0,C3L4TUH2,14787,English,Yes,48,Female,Mixed,United States,United States,United States,English,No,Full-Time
6a0464d62447ee8e299c8561,697a8f0105cbab23fe7697f6,AWAITING REVIEW,Not Applicable,2026-05-13T11:48:31.469000Z,2026-05-13T11:54:57.677000Z,,2026-05-13T11:54:58.089914Z,387.0,C3L4TUH2,1020,"Hebrew, English",Yes,34,Female,White,United Kingdom,United Kingdom,United Kingdom,English,No,Full-Time
6a0464d75818b7bd6c01dac5,668a19f1edd91f3ef0a55fe2,AWAITING REVIEW,Not Applicable,2026-05-13T11:47:41.547000Z,2026-05-13T12:11:58.611000Z,,2026-05-13T12:11:59.700537Z,1458.0,C3L4TUH2,186,English,Yes,31,Female,Black,Nigeria,Canada,Canada,English,No,Full-Time
6a0464db989181619fb72311,69f38d3a5d1042981ba878c1,AWAITING REVIEW,Not Applicable,2026-05-13T11:49:47.500000Z,2026-05-13T12:01:04.895000Z,,2026-05-13T12:01:05.310072Z,678.0,C3L4TUH2,52,English,Yes,33,Female,Other,Canada,Canada,Canada,English,No,Full-Time
6a0464e4e5153fa5d0282078,69fda8ba359152fd74badf54,AWAITING REVIEW,Not Applicable,2026-05-13T11:47:51.842000Z,2026-05-13T11:51:35.971000Z,,2026-05-13T11:51:36.377159Z,225.0,C3L4TUH2,50,English,Yes,50,Female,White,United Kingdom,United Kingdom,United Kingdom,English,No,Full-Time
6a0464e937bfa5ce7fffc193,69ee6b1a7bf3b2b68873cb89,AWAITING REVIEW,Not Applicable,2026-05-13T11:47:53.143000Z,2026-05-13T11:54:17.809000Z,,2026-05-13T11:54:18.230996Z,385.0,C3L4TUH2,108,English,Yes,38,Male,Black,United Kingdom,United Kingdom,United Kingdom,English,Yes,Full-Time
6a0464f66323a4448ad4bc4a,69fdafd8432ad1654e042031,AWAITING REVIEW,Not Applicable,2026-05-13T11:48:09.958000Z,2026-05-13T11:55:22.450000Z,,2026-05-13T11:55:22.821906Z,433.0,C3L4TUH2,25,English,Yes,28,Male,White,United Kingdom,United Kingdom,United Kingdom,English,No,Full-Time
6a04650e6b2059e908757304,69fe4c986046e6c55dc47113,AWAITING REVIEW,Not Applicable,2026-05-13T11:52:16.727000Z,2026-05-13T12:00:39.819000Z,,2026-05-13T12:00:40.230941Z,504.0,C3L4TUH2,40,English,Yes,37,Male,White,United Kingdom,United Kingdom,United Kingdom,English,No,Full-Time
6a04651155f974cac190cbf8,6a042d9260c03aa95f88992e,AWAITING REVIEW,Not Applicable,2026-05-13T11:48:38.332000Z,2026-05-13T12:00:12.129000Z,,2026-05-13T12:00:12.547039Z,694.0,C3L4TUH2,2,English,Yes,35,Female,White,United Kingdom,United Kingdom,United Kingdom,English,No,Full-Time
6a04651969ed4c41cb37055c,69e8ce6b8f432b93b37f9252,AWAITING REVIEW,Not Applicable,2026-05-13T11:48:49.978000Z,2026-05-13T11:55:39.544000Z,,2026-05-13T11:55:39.943449Z,410.0,C3L4TUH2,53,English,Yes,34,Female,White,South Africa,United Kingdom,United Kingdom,English,No,Full-Time
6a04652999d468bf0073e5f7,69f63f20d4dbb88fa27fb684,AWAITING REVIEW,Not Applicable,2026-05-13T11:49:03.597000Z,2026-05-13T12:00:48.160000Z,,2026-05-13T12:00:48.577953Z,705.0,C3L4TUH2,65,"English, French",Yes,25,Male,Black,Canada,Canada,Canada,English,No,Full-Time
6a04652a704f714f997094ce,69ddf81e110f69b18423505f,AWAITING REVIEW,Not Applicable,2026-05-13T11:48:58.062000Z,2026-05-13T12:09:03.265000Z,,2026-05-13T12:09:03.677063Z,1206.0,C3L4TUH2,47,"Arabic, Dutch, English, Korean, German",Yes,38,Male,Black,South Africa,South Africa,South Africa,English,No,Full-Time
6a0465322f9d2a71eb4c5387,6a0317aa586c222fcfc855b3,AWAITING REVIEW,Not Applicable,2026-05-13T11:49:11.958000Z,2026-05-13T11:56:12.876000Z,,2026-05-13T11:56:13.257749Z,421.0,C3L4TUH2,6,English,Yes,41,Male,White,United Kingdom,United Kingdom,United Kingdom,English,No,Full-Time
6a046547324a4aca0f96b6b6,67740dc45be1bcdc911ee2fe,AWAITING REVIEW,Not Applicable,2026-05-13T11:49:57.508000Z,2026-05-13T11:56:04.032000Z,,2026-05-13T11:56:04.443133Z,367.0,C3L4TUH2,1212,English,Yes,42,Female,White,United Kingdom,United Kingdom,United Kingdom,English,No,Full-Time
6a04654b0cadeb0e9b87e949,69da42e5d1df49a733d07b57,AWAITING REVIEW,Not Applicable,2026-05-13T11:49:38.361000Z,2026-05-13T12:08:36.119000Z,,2026-05-13T12:08:36.501417Z,1138.0,C3L4TUH2,4,English,Yes,34,Female,Black,South Africa,South Africa,South Africa,English,No,Full-Time
6a04654fb42f5da529906ecd,5edbd2c61d9e420b6b420343,AWAITING REVIEW,Not Applicable,2026-05-13T11:49:39.368000Z,2026-05-13T11:57:55.634000Z,,2026-05-13T11:57:56.035818Z,497.0,C3L4TUH2,4306,English,Yes,44,Female,White,New Zealand,United Kingdom,United Kingdom,English,No,Full-Time
6a0465550e8ee1238a8cb5f3,58404fd8ad98e40001ce915f,AWAITING REVIEW,Not Applicable,2026-05-13T11:49:44.087000Z,2026-05-13T11:58:34.488000Z,,2026-05-13T11:58:34.889953Z,531.0,C3L4TUH2,9680,English,Yes,53,Female,White,United Kingdom,United Kingdom,United Kingdom,English,No,Full-Time
6a046565b8662f7de3f228ac,69d9200e144d2db94dd332f7,AWAITING REVIEW,Not Applicable,2026-05-13T11:51:02.133000Z,2026-05-13T12:12:59.580000Z,,2026-05-13T15:05:48.995320Z,1318.0,C3L4TUH2,92,"English, French",Yes,34,Female,Black,United States,South Africa,DATA_EXPIRED,English,Yes,Full-Time
6a046589c75b68990cd6d564,6a00dfe134e0ab13d92d258c,AWAITING REVIEW,Not Applicable,2026-05-13T11:50:38.364000Z,2026-05-13T12:00:37.728000Z,,2026-05-13T12:00:38.109177Z,600.0,C3L4TUH2,12,English,Yes,33,Male,White,United Kingdom,United Kingdom,United Kingdom,English,No,Full-Time
6a04658ae447921242d39746,5ebeec710b1fd210d6912734,AWAITING REVIEW,Not Applicable,2026-05-13T11:50:38.660000Z,2026-05-13T11:56:13.876000Z,,2026-05-13T11:56:14.268597Z,336.0,C3L4TUH2,1619,English,Yes,48,Male,White,United Kingdom,United Kingdom,United Kingdom,English,No,Full-Time
6a04659707cd92ea09f9321d,5f319edf7543f7087932aa98,AWAITING REVIEW,Not Applicable,2026-05-13T11:51:00.598000Z,2026-05-13T11:59:42.169000Z,,2026-05-13T11:59:42.600597Z,522.0,C3L4TUH2,3950,English,Yes,46,Male,Asian,United Kingdom,United Kingdom,United Kingdom,English,No,Full-Time
6a04659b37789d9d0281ad3c,69e6be4ea58b04f5174b8291,AWAITING REVIEW,Not Applicable,2026-05-13T11:52:08.601000Z,2026-05-13T12:03:43.681000Z,,2026-05-13T12:03:44.120703Z,696.0,C3L4TUH2,78,English,Yes,36,Female,White,Canada,Canada,Canada,English,No,Full-Time
6a04659cc318196dbfc03c58,697a400388ff4bcd707cde8e,AWAITING REVIEW,Not Applicable,2026-05-13T11:50:54.893000Z,2026-05-13T11:57:29.238000Z,,2026-05-13T11:57:29.648493Z,395.0,C3L4TUH2,3562,English,Yes,34,Male,White,United States,United States,United States,English,No,Full-Time
6a0465a117d89e4890c0b6bb,5edb5fd0cee6c17e7069af09,AWAITING REVIEW,Not Applicable,2026-05-13T11:51:01.542000Z,2026-05-13T11:56:50.925000Z,,2026-05-13T11:56:51.309288Z,350.0,C3L4TUH2,1182,English,Yes,46,Male,White,United Kingdom,United Kingdom,United Kingdom,English,No,Full-Time
6a0465ad0764f07af9d2744b,6a0405f0fe7f803d7f706f91,AWAITING REVIEW,Not Applicable,2026-05-13T11:51:27.927000Z,2026-05-13T12:11:01.360000Z,,2026-05-13T12:11:01.778846Z,1174.0,C3L4TUH2,0,English,Yes,27,Male,Black,Nigeria,Canada,Canada,English,No,Full-Time
6a0465ae3f43c98b00cdfc59,69dae046bd05f28e74758578,AWAITING REVIEW,Not Applicable,2026-05-13T11:51:10.833000Z,2026-05-13T12:15:16.035000Z,,2026-05-13T12:15:16.462150Z,1446.0,C3L4TUH2,36,English,Yes,38,Male,Black,South Africa,South Africa,South Africa,English,No,Full-Time
6a0465bc9101c7f2f2d3e3fa,69f1f123dd8c853f07e4b32d,AWAITING REVIEW,Not Applicable,2026-05-13T11:51:28.442000Z,2026-05-13T11:57:08.166000Z,,2026-05-13T11:57:08.559485Z,340.0,C3L4TUH2,161,English,Yes,30,Female,White,United States,United States,United States,English,No,Full-Time
6a0465cbe32a700b755383f4,602cc4e8166df75e2ff9d443,AWAITING REVIEW,Not Applicable,2026-05-13T11:51:39.327000Z,2026-05-13T12:00:40.965000Z,,2026-05-13T12:00:41.405967Z,542.0,C3L4TUH2,2623,English,Yes,34,Female,White,United Kingdom,United Kingdom,United Kingdom,English,No,Full-Time
6a046620b93c4ff8c5afff73,6a030cd9db8b21791032409c,AWAITING REVIEW,Not Applicable,2026-05-13T11:53:08.058000Z,2026-05-13T12:20:33.737000Z,,2026-05-13T12:20:34.166041Z,1646.0,C3L4TUH2,6,English,Yes,26,Male,White,United Kingdom,United Kingdom,United Kingdom,English,No,Full-Time
6a04663ccc4ad269c74d7942,69d53cc713141046cef8e659,AWAITING REVIEW,Not Applicable,2026-05-13T11:53:32.302000Z,2026-05-13T12:08:28.538000Z,,2026-05-13T12:09:42.559825Z,897.0,C3L4TUH2,187,"English, Afrikaans",Yes,28,Female,Mixed,United States,South Africa,United States,English,No,Full-Time
6a0466639275fa622de37027,69f49a66d73568923feb981d,AWAITING REVIEW,Not Applicable,2026-05-13T11:54:11.777000Z,2026-05-13T12:02:23.946000Z,,2026-05-13T12:02:24.385122Z,493.0,C3L4TUH2,207,English,Yes,30,Male,White,United Kingdom,United Kingdom,United Kingdom,English,No,Full-Time
6a04667c92f0606fbfc989dd,69d8c1d17e6a0c3ff6d35f8c,AWAITING REVIEW,Not Applicable,2026-05-13T11:54:36.245000Z,2026-05-13T12:04:33.452000Z,,2026-05-13T12:04:33.870391Z,598.0,C3L4TUH2,49,English,Yes,46,Female,Black,United States,South Africa,South Africa,English,No,Full-Time
6a046696ff742dedb1b8683c,67324fcf484d2ddb46f50e43,AWAITING REVIEW,Not Applicable,2026-05-13T11:59:48Z,2026-05-13T12:06:13.277000Z,,2026-05-13T12:06:13.734045Z,386.0,C3L4TUH2,3278,English,Yes,28,Male,White,United States,United States,United States,English,No,Full-Time
6a0466990c8c446e33bcb5ce,69fded1b5d37ff18df17d676,AWAITING REVIEW,Not Applicable,2026-05-13T11:55:43.273000Z,2026-05-13T12:04:18.373000Z,,2026-05-13T12:04:18.743784Z,516.0,C3L4TUH2,73,English,Yes,26,Male,Black,United States,United States,United States,English,No,Full-Time
6a0466b1be0f9ac655e03fe2,60f6f802c0ede08f7cf69720,AWAITING REVIEW,Not Applicable,2026-05-13T11:55:33.805000Z,2026-05-13T12:02:19.045000Z,,2026-05-13T12:02:19.462937Z,406.0,C3L4TUH2,1427,English,Yes,62,Female,White,Ireland,Ireland,Ireland,English,No,Full-Time
6a0466b5026ff7d42006bf14,69f8f44ee6bf15c5d2f9e595,AWAITING REVIEW,Not Applicable,2026-05-13T11:55:49.369000Z,2026-05-13T12:08:28.617000Z,,2026-05-13T12:08:29.032885Z,760.0,C3L4TUH2,101,English,Yes,33,Female,White,United States,United States,United States,English,Yes,Full-Time
6a0466fc5db0b097c3f76290,69f63441f6c4dbf4138036ee,AWAITING REVIEW,Not Applicable,2026-05-13T11:58:50.847000Z,2026-05-13T12:09:34.859000Z,,2026-05-13T12:09:35.272429Z,645.0,C3L4TUH2,102,English,Yes,35,Male,White,United Kingdom,United Kingdom,United Kingdom,English,No,Full-Time
6a04670aa5e0efe275755dd1,66d8790772c9e0e4ee96259c,AWAITING REVIEW,Not Applicable,2026-05-13T11:57:08.572000Z,2026-05-13T12:02:33.443000Z,,2026-05-13T12:02:33.853798Z,325.0,C3L4TUH2,10422,English,Yes,46,Male,White,United States,United States,United States,English,No,Full-Time
6a0467265e90db58bd23a165,6a034297c0416f3ceaae3016,AWAITING REVIEW,Not Applicable,2026-05-13T11:57:31.175000Z,2026-05-13T12:07:42.679000Z,,2026-05-13T12:07:43.084221Z,612.0,C3L4TUH2,2,English,Yes,22,Male,White,United Kingdom,United Kingdom,United Kingdom,English,No,Full-Time
6a04674068f1a0f1a9ecb69c,67e7d7ba69a2afc3b987fd3f,AWAITING REVIEW,Not Applicable,2026-05-13T11:59:27.946000Z,2026-05-13T12:10:16.149000Z,,2026-05-13T12:10:16.608449Z,649.0,C3L4TUH2,7474,English,Yes,37,Male,White,United States,United States,United States,English,No,Full-Time
6a04674ba82ff3887ab722b7,69f584289a50a16b64f2b643,AWAITING REVIEW,Not Applicable,2026-05-13T11:58:09.027000Z,2026-05-13T12:07:46.306000Z,,2026-05-13T12:12:54.807688Z,578.0,C3L4TUH2,9,English,Yes,30,Female,Black,South Africa,South Africa,South Africa,English,Yes,Full-Time
6a04675692056571210cdbb0,55da1c4669dbc30010b67569,AWAITING REVIEW,Not Applicable,2026-05-13T11:58:17.324000Z,2026-05-13T12:05:22.174000Z,,2026-05-13T12:05:22.564151Z,425.0,C3L4TUH2,8413,English,Yes,36,Male,White,United Kingdom,United Kingdom,United Kingdom,English,No,Full-Time
6a04677af6c201bad917f806,676f730d7b956c6dc4eb2102,AWAITING REVIEW,Not Applicable,2026-05-13T11:58:56.291000Z,2026-05-13T12:10:50.191000Z,,2026-05-13T12:10:50.620833Z,714.0,C3L4TUH2,2196,English,Yes,31,Male,Black,Nigeria,United Kingdom,Nigeria,English,No,Full-Time
6a04678e2e1f6afeb66beebb,6727964977929019f6ff8a5d,AWAITING REVIEW,Not Applicable,2026-05-13T11:59:13.182000Z,2026-05-13T12:11:23.701000Z,,2026-05-13T12:11:24.100057Z,731.0,C3L4TUH2,2388,English,Yes,24,Female,Black,Nigeria,United Kingdom,Nigeria,English,No,Full-Time
6a0467a149e16dc835f127e1,69dea4ae7689525df4c408b9,AWAITING REVIEW,Not Applicable,2026-05-13T11:59:29.600000Z,2026-05-13T12:13:36.182000Z,,2026-05-13T12:13:36.733962Z,847.0,CEUSHOX6,59,English,Yes,38,Male,Black,South Africa,South Africa,South Africa,English,No,Full-Time
6a0467a6654f85901d667709,5bb58e338f3bd70001e5df57,AWAITING REVIEW,Not Applicable,2026-05-13T11:59:58.238000Z,2026-05-13T12:06:02.401000Z,,2026-05-13T12:06:02.793170Z,365.0,C3L4TUH2,14083,English,Yes,48,Male,White,United States,United States,United States,English,No,Full-Time
6a0467ba903d5afea18213ba,69e3a85a9288a536b170b4f9,AWAITING REVIEW,Not Applicable,2026-05-13T11:59:54.243000Z,2026-05-13T12:10:46.600000Z,,2026-05-13T12:10:47.015856Z,653.0,C3L4TUH2,46,English,Yes,33,Male,Black,United States,South Africa,United States,English,No,Full-Time
6a0467df9c1377b389cdfc43,5bad23638e44c6000123bcd4,AWAITING REVIEW,Not Applicable,2026-05-13T12:00:36.539000Z,2026-05-13T12:08:56.423000Z,,2026-05-13T12:08:56.823738Z,500.0,C3L4TUH2,4874,English,Yes,62,Male,White,United Kingdom,United Kingdom,United Kingdom,English,No,Full-Time
6a046822fa79e4e3a444a962,69eb75437dc621143e6a071e,AWAITING REVIEW,Not Applicable,2026-05-13T12:02:40.816000Z,2026-05-13T12:21:23.649000Z,,2026-05-13T12:21:24.088947Z,1123.0,C3L4TUH2,202,"English, Spanish",Yes,39,Female,White,United States,United States,United States,English,No,Full-Time
6a046825a13f86cf50b145f1,69ebc2138ef48f8f026892af,AWAITING REVIEW,Not Applicable,2026-05-13T12:01:41.180000Z,2026-05-13T12:11:54.866000Z,,2026-05-13T12:11:55.286869Z,614.0,C3L4TUH2,55,English,Yes,40,Female,Black,United States,South Africa,United States,English,No,Full-Time
6a0468278c80cce7d789b95d,6151556ef73ba765c7ff55f6,AWAITING REVIEW,Not Applicable,2026-05-13T12:01:46.647000Z,2026-05-13T12:10:31.934000Z,,2026-05-13T12:10:32.379392Z,526.0,C3L4TUH2,7882,English,Yes,43,Male,Asian,United Kingdom,United Kingdom,United Kingdom,English,No,Full-Time
6a04682cfc92c7f74e1f4620,6a0235324589b77a0bccff5a,AWAITING REVIEW,Not Applicable,2026-05-13T12:01:51.560000Z,2026-05-13T12:07:33.150000Z,,2026-05-13T12:07:33.694895Z,342.0,C3L4TUH2,12,English,Yes,22,Male,White,United Kingdom,United Kingdom,United Kingdom,English,No,Full-Time
6a04686ef8827da9c32eeebd,69f2373008f5470d4f7bcb80,AWAITING REVIEW,Not Applicable,2026-05-13T12:07:10.820000Z,2026-05-13T12:16:08.733000Z,,2026-05-13T12:16:09.133421Z,538.0,C3L4TUH2,52,English,Yes,36,Male,White,United Kingdom,United Kingdom,United Kingdom,English,No,Full-Time
6a046891487768ba0068630e,69d762d46098a0fa40531252,AWAITING REVIEW,Not Applicable,2026-05-13T12:03:29.687000Z,2026-05-13T12:11:50.059000Z,,2026-05-13T12:11:50.508800Z,501.0,C3L4TUH2,99,English,Yes,23,Female,Black,United States,South Africa,United States,English,No,Full-Time
6a0468a129485eec1866771e,6440ec657d3df6f5223edc73,AWAITING REVIEW,Not Applicable,2026-05-13T12:03:49.228000Z,2026-05-13T12:24:08.179000Z,,2026-05-13T12:24:08.582046Z,1219.0,C3L4TUH2,5130,English,Yes,51,Female,White,United Kingdom,United Kingdom,United Kingdom,English,No,Full-Time
6a0468a7e23e97af83e11bc0,5ae82944a0e4390001f090fd,AWAITING REVIEW,Not Applicable,2026-05-13T12:03:55.322000Z,2026-05-13T12:12:17.683000Z,,2026-05-13T12:12:18.091301Z,503.0,C3L4TUH2,1710,English,Yes,47,Female,White,United Kingdom,United Kingdom,United Kingdom,English,Yes,Full-Time
6a0468e3db6842c22bc75b12,69de523ce70b95105c4f9780,AWAITING REVIEW,Not Applicable,2026-05-13T12:04:51.476000Z,2026-05-13T12:16:25.272000Z,,2026-05-13T12:17:16.997896Z,694.0,C3L4TUH2,90,English,Yes,24,Female,Mixed,United States,South Africa,South Africa,English,No,Full-Time
6a0468f6740a3e38fb5db3f2,69ef2adbc136cdcf21278245,AWAITING REVIEW,Not Applicable,2026-05-13T12:05:10.247000Z,2026-05-13T12:24:37.280000Z,,2026-05-13T12:24:37.703445Z,1168.0,C3L4TUH2,65,English,Yes,28,Female,Black,United States,South Africa,South Africa,English,Yes,Full-Time
6a0469086beab14354906ed2,69ec0a2356388a11281df601,AWAITING REVIEW,Not Applicable,2026-05-13T12:05:28.092000Z,2026-05-13T12:11:50.810000Z,,2026-05-13T12:11:51.242310Z,383.0,C3L4TUH2,34,"Chinese, Dutch, English, Mandarin, Japanese",Yes,40,Female,Black,United States,South Africa,United States,English,Yes,Full-Time
6a0469d56d2ab2343466a111,69d54ff40736fca981065e0e,AWAITING REVIEW,Not Applicable,2026-05-13T12:08:52.996000Z,2026-05-13T12:23:08.163000Z,,2026-05-13T12:23:08.571466Z,856.0,C3L4TUH2,136,English,Yes,31,Female,Black,United States,South Africa,South Africa,English,No,Full-Time
6a046ac265c41fb3fb6e1926,6a01c42c5b05bf933661e2f3,AWAITING REVIEW,Not Applicable,2026-05-13T12:12:54.788000Z,2026-05-13T12:19:41.685000Z,,2026-05-13T12:19:42.084790Z,407.0,C3L4TUH2,38,English,Yes,31,Male,Black,United Kingdom,United Kingdom,United Kingdom,English,No,Full-Time
6a046acf0b7235221c6e1530,5711c09d28742b0011c585be,AWAITING REVIEW,Not Applicable,2026-05-13T12:13:07.490000Z,2026-05-13T12:23:29.275000Z,,2026-05-13T12:23:29.667545Z,622.0,C3L4TUH2,7028,English,Yes,48,Male,White,United States,United States,United States,English,No,Full-Time
6a046b861ae131cbddb145e0,69e3ddd0d7e55c7b5d1f0369,AWAITING REVIEW,Not Applicable,2026-05-13T12:16:18.393000Z,2026-05-13T12:23:04.591000Z,,2026-05-13T12:23:05.190569Z,407.0,CEUSHOX6,16,English,Yes,35,Female,Black,South Africa,South Africa,South Africa,English,Yes,Full-Time
6a046bdca93c4d0d882eeeed,6739cb8aa3d95e6278fc2ff0,AWAITING REVIEW,Not Applicable,2026-05-13T12:17:32.400000Z,2026-05-13T12:30:43.053000Z,,2026-05-13T12:30:43.499465Z,791.0,C3L4TUH2,1194,English,Yes,23,Female,Prefer not to say,Nigeria,United Kingdom,Nigeria,English,Yes,Full-Time
6a046c58a6cbcae8b217f815,69bdbd59a9e69bb106ee98fa,AWAITING REVIEW,Not Applicable,2026-05-13T12:28:04.096000Z,2026-05-13T12:44:04.909000Z,,2026-05-13T12:44:05.344940Z,961.0,C3L4TUH2,648,English,Yes,42,Female,White,United States,United States,United States,English,No,Full-Time
6a046c91a6cbcae8b217f817,67c60b46b619cad09b65ab51,AWAITING REVIEW,Not Applicable,2026-05-13T12:20:46.788000Z,2026-05-13T12:31:35.112000Z,,2026-05-13T12:31:35.543357Z,649.0,C3L4TUH2,3928,English,Yes,52,Male,White,United Kingdom,United Kingdom,United Kingdom,English,No,Full-Time
6a046d9879f7277cfc9b7e9a,57a78015454e5400015f57ec,AWAITING REVIEW,Not Applicable,2026-05-13T12:25:00.439000Z,2026-05-13T12:32:40.954000Z,,2026-05-13T12:32:41.363510Z,461.0,C3L4TUH2,3170,English,Yes,64,Male,White,Ireland,United Kingdom,United Kingdom,English,No,Full-Time
6a047008ed5726286d1956ed,6a004b8166f1fa7197d8dcd8,AWAITING REVIEW,Not Applicable,2026-05-13T12:35:28.294000Z,2026-05-13T12:58:09.794000Z,,2026-05-13T12:58:10.208206Z,1362.0,C3L4TUH2,5,English,Yes,36,Male,Black,United Kingdom,United Kingdom,United Kingdom,English,No,Full-Time
6a04707f55182216c66169eb,5f3ec93efbd299158253f283,AWAITING REVIEW,Not Applicable,2026-05-13T12:37:24.970000Z,2026-05-13T12:45:11.919000Z,,2026-05-13T12:45:12.323561Z,467.0,C3L4TUH2,9004,English,Yes,54,Male,White,United Kingdom,United Kingdom,United Kingdom,English,No,Full-Time
6a047104129f7291dc3f0d07,69dce17f584dbdf6abef6e98,AWAITING REVIEW,Not Applicable,2026-05-13T12:39:32.639000Z,2026-05-13T12:50:55.405000Z,,2026-05-13T12:51:17.458584Z,683.0,C3L4TUH2,186,English,Yes,49,Female,Black,United States,South Africa,South Africa,English,No,Full-Time
6a047384caa35d7cea354593,69fd148ee3935c5c3d8d4f8f,AWAITING REVIEW,Not Applicable,2026-05-13T12:50:26.008000Z,2026-05-13T13:12:00.173000Z,,2026-05-13T13:12:00.881079Z,1295.0,C3L4TUH2,14,English,Yes,37,Male,White,United States,United States,United States,English,No,Full-Time
6a045ec9369bcb8cc10a850c,69dd8d9a6de6c1b518e17d68,RETURNED,Not Applicable,2026-05-13T11:27:33.231000Z,,,,,,325,CONSENT_REVOKED,CONSENT_REVOKED,CONSENT_REVOKED,CONSENT_REVOKED,CONSENT_REVOKED,CONSENT_REVOKED,CONSENT_REVOKED,CONSENT_REVOKED,CONSENT_REVOKED,CONSENT_REVOKED,CONSENT_REVOKED
6a045ed7b27462e4e4d8e234,6033eb92bea63e11ffa4ea55,RETURNED,Not Applicable,,,,,,,788,CONSENT_REVOKED,CONSENT_REVOKED,CONSENT_REVOKED,CONSENT_REVOKED,CONSENT_REVOKED,CONSENT_REVOKED,CONSENT_REVOKED,CONSENT_REVOKED,CONSENT_REVOKED,CONSENT_REVOKED,CONSENT_REVOKED
6a0462505f8fca7cb62e4225,69eb9ed3eee054f7ab69624c,RETURNED,Not Applicable,2026-05-13T11:36:52.345000Z,2026-05-13T11:39:35.856000Z,,2026-05-13T11:39:36.401000Z,,CEUSHOX6,29,CONSENT_REVOKED,CONSENT_REVOKED,CONSENT_REVOKED,CONSENT_REVOKED,CONSENT_REVOKED,CONSENT_REVOKED,CONSENT_REVOKED,CONSENT_REVOKED,CONSENT_REVOKED,CONSENT_REVOKED,CONSENT_REVOKED
6a046259a3ec15f6c990cbd7,69ecd0345c6074d1899efcc8,RETURNED,Not Applicable,2026-05-13T11:37:18.659000Z,2026-05-13T11:41:28.402000Z,,2026-05-13T11:41:28.923000Z,,CEUSHOX6,32,CONSENT_REVOKED,CONSENT_REVOKED,CONSENT_REVOKED,CONSENT_REVOKED,CONSENT_REVOKED,CONSENT_REVOKED,CONSENT_REVOKED,CONSENT_REVOKED,CONSENT_REVOKED,CONSENT_REVOKED,CONSENT_REVOKED
6a04625cd7151845f0b76b1a,669c1e1fdb95a995eb1d3077,RETURNED,Not Applicable,,,,,,,1479,CONSENT_REVOKED,CONSENT_REVOKED,CONSENT_REVOKED,CONSENT_REVOKED,CONSENT_REVOKED,CONSENT_REVOKED,CONSENT_REVOKED,CONSENT_REVOKED,CONSENT_REVOKED,CONSENT_REVOKED,CONSENT_REVOKED
6a04625dbc8146881abb76de,60721c2da01b3a616edba9a7,RETURNED,Not Applicable,,,,,,,2066,CONSENT_REVOKED,CONSENT_REVOKED,CONSENT_REVOKED,CONSENT_REVOKED,CONSENT_REVOKED,CONSENT_REVOKED,CONSENT_REVOKED,CONSENT_REVOKED,CONSENT_REVOKED,CONSENT_REVOKED,CONSENT_REVOKED
6a046268653f0bab6266b115,673f5d08c5276465183f2e87,RETURNED,Not Applicable,2026-05-13T11:48:00.026000Z,,,,,,1498,CONSENT_REVOKED,CONSENT_REVOKED,CONSENT_REVOKED,CONSENT_REVOKED,CONSENT_REVOKED,CONSENT_REVOKED,CONSENT_REVOKED,CONSENT_REVOKED,CONSENT_REVOKED,CONSENT_REVOKED,CONSENT_REVOKED
6a04626944d4c2c244e248c6,5dd005a9eb39730fc834988f,RETURNED,Not Applicable,2026-05-13T11:37:16.675000Z,,,,,,3485,CONSENT_REVOKED,CONSENT_REVOKED,CONSENT_REVOKED,CONSENT_REVOKED,CONSENT_REVOKED,CONSENT_REVOKED,CONSENT_REVOKED,CONSENT_REVOKED,CONSENT_REVOKED,CONSENT_REVOKED,CONSENT_REVOKED
6a046270e6a73a7aab5afea8,6736da52a7c6b58f513efb69,TIMED-OUT,Not Applicable,2026-05-13T11:39:08.724000Z,,,,163158.0,,1072,"English, Chinese, French",Yes,35,Female,Mixed,Nigeria,United Kingdom,Nigeria,English,Yes,Full-Time
6a04627f289af6c62aee45fc,69e9558947a54b9f8c187230,RETURNED,Not Applicable,2026-05-13T11:37:53.676000Z,,,,,,48,CONSENT_REVOKED,CONSENT_REVOKED,CONSENT_REVOKED,CONSENT_REVOKED,CONSENT_REVOKED,CONSENT_REVOKED,CONSENT_REVOKED,CONSENT_REVOKED,CONSENT_REVOKED,CONSENT_REVOKED,CONSENT_REVOKED
6a0462830185ba315352e9f3,6998153b1d28ff630545fa88,RETURNED,Not Applicable,2026-05-13T11:37:47.771000Z,2026-05-13T11:46:48.075000Z,,2026-05-13T11:46:48.602000Z,,CEUSHOX6,31,CONSENT_REVOKED,CONSENT_REVOKED,CONSENT_REVOKED,CONSENT_REVOKED,CONSENT_REVOKED,CONSENT_REVOKED,CONSENT_REVOKED,CONSENT_REVOKED,CONSENT_REVOKED,CONSENT_REVOKED,CONSENT_REVOKED
6a04628aff4409bdeb757312,59e7477e3e4b5a00016aa4d2,RETURNED,Not Applicable,2026-05-13T11:37:56.688000Z,2026-05-13T11:43:16.573000Z,,2026-05-13T11:43:16.963000Z,,C3L4TUH2,15684,CONSENT_REVOKED,CONSENT_REVOKED,CONSENT_REVOKED,CONSENT_REVOKED,CONSENT_REVOKED,CONSENT_REVOKED,CONSENT_REVOKED,CONSENT_REVOKED,CONSENT_REVOKED,CONSENT_REVOKED,CONSENT_REVOKED
6a04628f0e8ee1238a8cb5b6,62a89318448a8592fc88ee03,RETURNED,Not Applicable,2026-05-13T11:48:00.026000Z,,,,,,8590,CONSENT_REVOKED,CONSENT_REVOKED,CONSENT_REVOKED,CONSENT_REVOKED,CONSENT_REVOKED,CONSENT_REVOKED,CONSENT_REVOKED,CONSENT_REVOKED,CONSENT_REVOKED,CONSENT_REVOKED,CONSENT_REVOKED
6a046291d3bae4b6314d7939,59e7232f24d7bf00012f112e,TIMED-OUT,Not Applicable,2026-05-13T11:38:28.070000Z,,,,163199.0,,7762,English,Yes,37,Male,White,United Kingdom,United Kingdom,United Kingdom,English,No,Full-Time
6a04629524f9a7387df2ada5,69fdcb27634f76d3cfc286b3,TIMED-OUT,Not Applicable,2026-05-13T11:38:15.204000Z,,,,163212.0,,10,English,Yes,43,Female,White,United Kingdom,United Kingdom,United Kingdom,English,No,Full-Time
6a0462a9f9338a737ede6ebf,69f10a7a03e0475047a34003,TIMED-OUT,Not Applicable,2026-05-13T11:38:19.791000Z,,,,163207.0,,34,English,Yes,19,Male,Asian,Sri Lanka,United Kingdom,Sri Lanka,English,No,Full-Time
6a0462bb300eee476a032afa,5e909d6c5321c13abee11725,RETURNED,Not Applicable,2026-05-13T11:38:35.960000Z,2026-05-13T11:40:36.296000Z,,2026-05-13T11:40:36.806000Z,,CEUSHOX6,6754,CONSENT_REVOKED,CONSENT_REVOKED,CONSENT_REVOKED,CONSENT_REVOKED,CONSENT_REVOKED,CONSENT_REVOKED,CONSENT_REVOKED,CONSENT_REVOKED,CONSENT_REVOKED,CONSENT_REVOKED,CONSENT_REVOKED
6a0462e509707e0413b6b7b2,651865050634b0ca55fc0d0d,RETURNED,Not Applicable,2026-05-13T11:39:21.694000Z,2026-05-13T11:56:03.491000Z,,2026-05-13T11:56:04.013000Z,,CEUSHOX6,5927,CONSENT_REVOKED,CONSENT_REVOKED,CONSENT_REVOKED,CONSENT_REVOKED,CONSENT_REVOKED,CONSENT_REVOKED,CONSENT_REVOKED,CONSENT_REVOKED,CONSENT_REVOKED,CONSENT_REVOKED,CONSENT_REVOKED
6a046343e28d71d4950b6a40,69d602bc0525d59858e0da91,TIMED-OUT,Not Applicable,2026-05-13T11:40:51.655000Z,,,,163056.0,,89,"English, Afrikaans",Yes,31,Female,Black,South Africa,South Africa,South Africa,English,No,Full-Time
6a0463a7ab092ceab76fd8a8,69e80a9880c6354761e34aa9,RETURNED,Not Applicable,2026-05-13T11:42:36.150000Z,,,,,,177,CONSENT_REVOKED,CONSENT_REVOKED,CONSENT_REVOKED,CONSENT_REVOKED,CONSENT_REVOKED,CONSENT_REVOKED,CONSENT_REVOKED,CONSENT_REVOKED,CONSENT_REVOKED,CONSENT_REVOKED,CONSENT_REVOKED
6a0463a9f9a0d2c893a63c0d,69df598cf346181e9615a31c,TIMED-OUT,Not Applicable,2026-05-13T11:42:35.796000Z,,,,162951.0,,9,English,Yes,21,Male,Black,United States,South Africa,DATA_EXPIRED,English,Yes,Full-Time
6a0463c8a64b14a1155a1ee5,5f44021f15c23f6e8e413b91,TIMED-OUT,Not Applicable,2026-05-13T11:43:04.073000Z,,,,162923.0,,1612,English,Yes,33,Male,Black,South Africa,South Africa,South Africa,English,No,Full-Time
6a0463cc1f0e7eb7a51a6b7b,69d5369a9b710dfeade32924,RETURNED,Not Applicable,2026-05-13T11:45:02.552000Z,,,,,,166,CONSENT_REVOKED,CONSENT_REVOKED,CONSENT_REVOKED,CONSENT_REVOKED,CONSENT_REVOKED,CONSENT_REVOKED,CONSENT_REVOKED,CONSENT_REVOKED,CONSENT_REVOKED,CONSENT_REVOKED,CONSENT_REVOKED
6a0463e01df7780eb9a1349d,6a021b24b10b801cccd438ac,RETURNED,Not Applicable,2026-05-13T11:43:31.798000Z,2026-05-13T11:47:52.534000Z,,2026-05-13T11:47:53.045000Z,,CEUSHOX6,26,CONSENT_REVOKED,CONSENT_REVOKED,CONSENT_REVOKED,CONSENT_REVOKED,CONSENT_REVOKED,CONSENT_REVOKED,CONSENT_REVOKED,CONSENT_REVOKED,CONSENT_REVOKED,CONSENT_REVOKED,CONSENT_REVOKED
6a0464056695e41dd7d6d586,6995d5a5aa42072194394d2a,RETURNED,Not Applicable,2026-05-13T11:44:41.911000Z,,,,,,831,CONSENT_REVOKED,CONSENT_REVOKED,CONSENT_REVOKED,CONSENT_REVOKED,CONSENT_REVOKED,CONSENT_REVOKED,CONSENT_REVOKED,CONSENT_REVOKED,CONSENT_REVOKED,CONSENT_REVOKED,CONSENT_REVOKED
6a046414cb83c79b3f054adf,69dcbb7abf1e1fc69f8f91d6,RETURNED,Not Applicable,2026-05-13T11:44:20.333000Z,2026-05-13T11:56:21.294000Z,,2026-05-13T11:56:46.742000Z,,CEUSHOX6,28,CONSENT_REVOKED,CONSENT_REVOKED,CONSENT_REVOKED,CONSENT_REVOKED,CONSENT_REVOKED,CONSENT_REVOKED,CONSENT_REVOKED,CONSENT_REVOKED,CONSENT_REVOKED,CONSENT_REVOKED,CONSENT_REVOKED
6a046463c730decd5e9f2810,6972703f26e497fadbfae9e4,RETURNED,Not Applicable,2026-05-13T11:45:46.031000Z,,,,,,404,CONSENT_REVOKED,CONSENT_REVOKED,CONSENT_REVOKED,CONSENT_REVOKED,CONSENT_REVOKED,CONSENT_REVOKED,CONSENT_REVOKED,CONSENT_REVOKED,CONSENT_REVOKED,CONSENT_REVOKED,CONSENT_REVOKED
6a0464a123410ccd7f4a543e,6642690a93cc7510324fc235,RETURNED,Not Applicable,2026-05-13T11:46:47.775000Z,2026-05-13T11:47:53.328000Z,,2026-05-13T11:47:53.867000Z,,CEUSHOX6,3274,CONSENT_REVOKED,CONSENT_REVOKED,CONSENT_REVOKED,CONSENT_REVOKED,CONSENT_REVOKED,CONSENT_REVOKED,CONSENT_REVOKED,CONSENT_REVOKED,CONSENT_REVOKED,CONSENT_REVOKED,CONSENT_REVOKED
6a0464f3a38f709c05d4bc3c,5fe672b9c3fd05cad8c51937,RETURNED,Not Applicable,2026-05-13T11:49:06.032000Z,2026-05-13T11:51:11.016000Z,,2026-05-13T11:51:11.553000Z,,CEUSHOX6,1766,CONSENT_REVOKED,CONSENT_REVOKED,CONSENT_REVOKED,CONSENT_REVOKED,CONSENT_REVOKED,CONSENT_REVOKED,CONSENT_REVOKED,CONSENT_REVOKED,CONSENT_REVOKED,CONSENT_REVOKED,CONSENT_REVOKED
6a04654637bfa5ce7fffc19c,69e39526ae7b889e9f681279,RETURNED,Not Applicable,2026-05-13T11:49:26.949000Z,2026-05-13T11:57:48.328000Z,,2026-05-13T11:57:48.882000Z,,CEUSHOX6,75,CONSENT_REVOKED,CONSENT_REVOKED,CONSENT_REVOKED,CONSENT_REVOKED,CONSENT_REVOKED,CONSENT_REVOKED,CONSENT_REVOKED,CONSENT_REVOKED,CONSENT_REVOKED,CONSENT_REVOKED,CONSENT_REVOKED
6a0465b6946740277bd9d04c,69d779f689d7e51165b0f6bf,RETURNED,Not Applicable,2026-05-13T11:51:18.348000Z,2026-05-13T12:06:37.378000Z,,2026-05-13T12:06:37.921000Z,,CEUSHOX6,232,CONSENT_REVOKED,CONSENT_REVOKED,CONSENT_REVOKED,CONSENT_REVOKED,CONSENT_REVOKED,CONSENT_REVOKED,CONSENT_REVOKED,CONSENT_REVOKED,CONSENT_REVOKED,CONSENT_REVOKED,CONSENT_REVOKED
6a0465d96fc174233ea44413,5c41e9263be7b70001fcf4ab,RETURNED,Not Applicable,2026-05-13T11:51:53.058000Z,,,,,,3510,CONSENT_REVOKED,CONSENT_REVOKED,CONSENT_REVOKED,CONSENT_REVOKED,CONSENT_REVOKED,CONSENT_REVOKED,CONSENT_REVOKED,CONSENT_REVOKED,CONSENT_REVOKED,CONSENT_REVOKED,CONSENT_REVOKED
6a046648ac3490fe5c81a91c,5d46c3ac090549001867b746,RETURNED,Not Applicable,2026-05-13T11:53:48.138000Z,,,,,,6212,CONSENT_REVOKED,CONSENT_REVOKED,CONSENT_REVOKED,CONSENT_REVOKED,CONSENT_REVOKED,CONSENT_REVOKED,CONSENT_REVOKED,CONSENT_REVOKED,CONSENT_REVOKED,CONSENT_REVOKED,CONSENT_REVOKED
6a0467921afd510d63bbbb4d,69ee92fb27590e95dd4b0f0e,RETURNED,Not Applicable,2026-05-13T11:59:22.362000Z,2026-05-13T12:10:41.821000Z,,2026-05-13T12:10:42.352000Z,,CEUSHOX6,53,CONSENT_REVOKED,CONSENT_REVOKED,CONSENT_REVOKED,CONSENT_REVOKED,CONSENT_REVOKED,CONSENT_REVOKED,CONSENT_REVOKED,CONSENT_REVOKED,CONSENT_REVOKED,CONSENT_REVOKED,CONSENT_REVOKED
6a0467a214ae5c6e0d98d958,6915f718b4845ccdd0af57d5,RETURNED,Not Applicable,2026-05-13T11:59:38.103000Z,,,,,,4,CONSENT_REVOKED,CONSENT_REVOKED,CONSENT_REVOKED,CONSENT_REVOKED,CONSENT_REVOKED,CONSENT_REVOKED,CONSENT_REVOKED,CONSENT_REVOKED,CONSENT_REVOKED,CONSENT_REVOKED,CONSENT_REVOKED
6a0467f8033940031a95f5cb,670c06bb7926d2525a7a7755,RETURNED,Not Applicable,2026-05-13T12:01:06.129000Z,,,,,,7207,CONSENT_REVOKED,CONSENT_REVOKED,CONSENT_REVOKED,CONSENT_REVOKED,CONSENT_REVOKED,CONSENT_REVOKED,CONSENT_REVOKED,CONSENT_REVOKED,CONSENT_REVOKED,CONSENT_REVOKED,CONSENT_REVOKED
6a04689097916378f8bb3805,69d87847cece24cadab7c76c,RETURNED,Not Applicable,2026-05-13T12:03:32.467000Z,2026-05-13T12:15:19.002000Z,,2026-05-13T12:15:19.532000Z,,CEUSHOX6,109,CONSENT_REVOKED,CONSENT_REVOKED,CONSENT_REVOKED,CONSENT_REVOKED,CONSENT_REVOKED,CONSENT_REVOKED,CONSENT_REVOKED,CONSENT_REVOKED,CONSENT_REVOKED,CONSENT_REVOKED,CONSENT_REVOKED
6a0468fe8313d5afb0b0e377,69d66bdb2043e7a92acbebf6,RETURNED,Not Applicable,2026-05-13T12:05:18.175000Z,,,,,,41,CONSENT_REVOKED,CONSENT_REVOKED,CONSENT_REVOKED,CONSENT_REVOKED,CONSENT_REVOKED,CONSENT_REVOKED,CONSENT_REVOKED,CONSENT_REVOKED,CONSENT_REVOKED,CONSENT_REVOKED,CONSENT_REVOKED
6a0469090a4c7989207fa84d,6a01e918f2b20568ab3accef,RETURNED,Not Applicable,,,,,,,12,CONSENT_REVOKED,CONSENT_REVOKED,CONSENT_REVOKED,CONSENT_REVOKED,CONSENT_REVOKED,CONSENT_REVOKED,CONSENT_REVOKED,CONSENT_REVOKED,CONSENT_REVOKED,CONSENT_REVOKED,CONSENT_REVOKED
6a0469144c728fd917dbcf59,69e8ce99a075f11124a4f198,RETURNED,Not Applicable,2026-05-13T12:05:40.255000Z,,,,,,54,CONSENT_REVOKED,CONSENT_REVOKED,CONSENT_REVOKED,CONSENT_REVOKED,CONSENT_REVOKED,CONSENT_REVOKED,CONSENT_REVOKED,CONSENT_REVOKED,CONSENT_REVOKED,CONSENT_REVOKED,CONSENT_REVOKED
6a0469454e29487533a31115,69e923ee16d49ca2d1760554,RETURNED,Not Applicable,2026-05-13T12:06:29.111000Z,2026-05-13T12:13:12.900000Z,,2026-05-13T12:13:13.479000Z,,CEUSHOX6,72,CONSENT_REVOKED,CONSENT_REVOKED,CONSENT_REVOKED,CONSENT_REVOKED,CONSENT_REVOKED,CONSENT_REVOKED,CONSENT_REVOKED,CONSENT_REVOKED,CONSENT_REVOKED,CONSENT_REVOKED,CONSENT_REVOKED
6a046bc1e569ad9f7c1e4022,63ed0065eb23ac3ee1726453,RETURNED,Not Applicable,2026-05-13T12:17:14.274000Z,,,,,,7004,CONSENT_REVOKED,CONSENT_REVOKED,CONSENT_REVOKED,CONSENT_REVOKED,CONSENT_REVOKED,CONSENT_REVOKED,CONSENT_REVOKED,CONSENT_REVOKED,CONSENT_REVOKED,CONSENT_REVOKED,CONSENT_REVOKED
6a047070c5e9b315db5cc823,628781515f29a0394e23b15b,RETURNED,Not Applicable,2026-05-13T12:48:00.016000Z,,,,,,5194,CONSENT_REVOKED,CONSENT_REVOKED,CONSENT_REVOKED,CONSENT_REVOKED,CONSENT_REVOKED,CONSENT_REVOKED,CONSENT_REVOKED,CONSENT_REVOKED,CONSENT_REVOKED,CONSENT_REVOKED,CONSENT_REVOKED
