CASE,SERIAL,REF,QUESTNNR,MODE,STARTED,FEEDBACK,FT02_01,VOCAB,OA2,OA4,RA2,PA1,RA1,RC1,PA3,PRIV1,IUT2,RA3,CTRL1,OA3,PA4,RC3,PRIV2,PA2,RC2,IUT1,PRIV3,OA1,IUT3,MARK1,MARK2,RISK,PAKNOW,RD01_CP,GROUP,RD02_CP,RD02,ATT_SC,mc1,MC2,TIME001,TIME002,TIME003,TIME004,TIME005,TIME007,TIME008,TIME009,TIME010,TIME011,TIME012,TIME014,TIME015,TIME016,TIME017,TIME018,TIME021,TIME022,TIME_SUM,MAILSENT,LASTDATA,STATUS,FINISHED,Q_VIEWER,LASTPAGE,MAXPAGE,MISSING,MISSREL,TIME_RSI
192,,,affective_grid,interview,5/13/26 13:14,,MiriamTest,1,5,5,5,5,4,4,4,4,5,3,2,3,3,3,3,3,5,4,5,4,4,1,1,3,2,0,4,0,3,1,6,5,6,2,1,1,3,2,2,2,2,1,2,3,4,4,2,4,4,2,47,,5/13/26 13:15,,1,0,22,22,3,1,2.92
193,,,affective_grid,interview,5/13/26 13:21,,5c3a4e759e794d000129a225,1,2,6,6,6,6,5,2,6,4,6,2,6,5,6,6,5,2,5,2,6,5,2,6,4,1,0,6,0,4,1,6,2,4,2,2,30,110,6,5,8,11,10,5,19,32,14,15,25,15,2,315,,5/13/26 13:26,,1,0,22,22,3,1,1.92
194,,,affective_grid,interview,5/13/26 13:21,,55ecd6ff748092000daa9f5f,1,6,3,5,6,5,6,5,5,6,6,2,3,6,7,4,6,,,,,,6,5,4,2,0,5,0,5,1,7,6,5,18,13,52,100,5,7,5,14,36,21,15,23,14,13,,12,2,355,,5/13/26 13:27,,1,0,22,22,4,1,1.53
195,,,affective_grid,interview,5/13/26 13:21,,664b8bef90cdb799d4c4c35d,1,4,5,6,5,7,6,3,4,6,6,2,7,4,6,5,4,6,6,7,6,7,5,5,5,1,0,3,1,4,1,6,6,8,14,52,48,132,5,7,29,8,18,4,15,13,8,10,11,14,7,403,,5/13/26 13:28,,1,0,22,22,3,1,1.57
196,,,affective_grid,interview,5/13/26 13:21,,6a03322d84fdeca625f08127,1,5,6,6,6,6,5,5,5,6,5,2,5,7,5,5,7,5,5,6,5,4,5,2,7,2,0,2,0,6,1,6,3,7,2,4,45,37,9,2,13,7,12,7,12,13,12,16,78,18,1,295,,5/13/26 13:26,,1,0,22,22,3,1,1.91
197,,,affective_grid,interview,5/13/26 13:21,none,5d1b3627b6a81c0001f87c85,1,5,6,5,5,6,5,5,5,5,5,2,5,5,6,6,5,5,5,5,5,6,5,5,6,1,0,1,0,1,1,5,6,3,3,8,6,24,4,15,16,5,7,4,10,14,8,8,13,16,203,172,,5/13/26 13:27,,1,0,22,22,0,0,2.22
198,,,affective_grid,interview,5/13/26 13:21,,602539c6fe366c0008c815cb,1,2,6,4,2,6,5,5,7,2,5,2,5,6,6,7,5,5,2,1,5,2,1,1,9,2,1,3,1,6,1,6,5,8,2,27,114,121,12,15,70,20,42,9,25,27,20,30,42,24,2,610,,5/13/26 13:31,,1,0,22,22,3,1,1.06
199,,,affective_grid,interview,5/13/26 13:21,,69f480feab0be3632a2bea9b,1,6,6,6,4,6,7,4,5,6,2,2,3,6,6,6,6,5,6,2,6,6,7,4,9,2,1,5,0,2,1,6,6,8,4,4,107,70,6,14,8,9,19,6,17,21,23,16,20,20,1,373,,5/13/26 13:28,,1,0,22,22,3,1,1.57
200,,,affective_grid,interview,5/13/26 13:21,n/a,69dbc5a35ef47c98ef3af53b,1,4,6,5,2,6,5,5,6,2,6,2,4,6,5,6,5,5,2,6,5,2,3,2,7,1,1,2,3,2,1,5,1,21,120,23,120,428,10,18,21,6,29,8,29,24,24,17,14,30,8,836,,5/13/26 13:37,,1,0,22,22,0,0,0.96
201,,,affective_grid,interview,5/13/26 13:22,,69ac26daec36f17c92a64677,1,6,6,5,5,6,6,3,6,2,6,2,6,6,5,6,6,,,,,,6,5,7,1,1,4,2,5,1,6,2,6,13,10,341,87,7,5,13,8,25,51,10,13,11,18,,21,5,644,,5/13/26 13:32,,1,0,22,22,4,1,1.43
202,,,affective_grid,interview,5/13/26 13:22,,69ae945041f7aa63329ba050,1,6,6,5,2,5,6,2,5,2,5,2,6,2,5,6,6,3,2,2,6,2,4,4,5,3,3,6,1,2,1,7,1,172,4,6,14,37,10,6,34,66,9,9,26,21,24,28,27,57,11,398,,5/13/26 13:31,,1,0,22,22,3,1,1.31
203,,,affective_grid,interview,5/13/26 13:22,it was interesting thanks so much,60ccbffae161aadb1880ad6c,1,6,5,5,3,6,6,3,5,1,6,2,3,5,6,6,6,2,2,2,5,2,6,6,9,3,1,6,2,2,1,6,1,10,3,37,125,98,21,12,69,29,21,21,33,36,94,37,43,68,7,764,,5/13/26 13:34,,1,0,22,22,0,0,0.73
204,,,affective_grid,interview,5/13/26 13:22,I think a more detailed  summary of the people management system may have been appropriate,59a3b1a35fd74b0001abf9c1,1,6,6,5,3,6,7,6,5,5,5,2,6,6,4,5,6,5,5,5,4,5,7,7,3,2,1,1,1,1,1,5,6,6,14,18,8,108,7,40,21,8,13,6,21,22,15,22,22,17,46,414,,5/13/26 13:29,,1,0,22,22,0,0,1.25
205,,,affective_grid,interview,5/13/26 13:22,,69790d6848f698cd8f17b99b,1,4,4,4,4,5,6,6,4,4,4,2,4,5,4,4,5,5,4,4,5,4,6,6,6,3,2,1,3,6,1,5,6,18,98,58,81,88,8,91,74,13,258,5,10,28,85,15,18,160,5,569,,5/13/26 13:40,,1,0,22,22,3,1,0.89
206,,,affective_grid,interview,5/13/26 13:22,"The survey provided valuable insights into how Dashboard metrics might be influenced by extensive use of AI. However, I believe that with the integration of AI, we can enhance productivity significantly by combining it with human insight and oversight.",69d07eb4a6ddc1f57e9b7e79,1,7,7,6,6,6,7,5,7,6,4,2,3,6,6,6,7,5,6,2,7,5,6,4,9,3,2,5,2,3,1,6,5,10,1,27,11,422,77,13,26,30,13,73,52,32,58,30,44,27,118,824,,5/13/26 13:40,,1,0,22,22,0,0,0.89
207,,,affective_grid,interview,5/13/26 13:22,,69e4620e3a2714f4fba8d94b,1,7,7,4,6,2,3,1,6,6,6,2,7,7,7,6,4,,,,,,6,4,6,3,2,4,1,5,1,7,6,27,7,8,85,123,36,8,24,22,22,7,20,68,42,220,,26,4,556,,5/13/26 13:34,,1,0,22,22,4,1,0.93
208,,,affective_grid,interview,5/13/26 13:22,,60662064c4e2b814215e6890,1,6,6,5,6,6,6,6,6,4,6,2,2,6,4,6,6,5,4,1,5,4,4,1,6,2,2,3,2,6,1,6,6,8,84,44,123,127,13,38,40,22,53,10,72,126,28,130,44,41,7,932,,5/13/26 13:39,,1,0,22,22,3,1,0.59
209,,,affective_grid,interview,5/13/26 13:22,Thank you,69309f7da595fb656eebdeb1,1,7,7,5,5,5,4,3,4,4,5,2,6,6,4,6,5,2,2,2,7,3,6,6,2,2,2,2,1,3,1,6,1,27,5,22,47,75,10,12,33,17,31,11,24,24,21,27,25,27,12,450,,5/13/26 13:30,,1,0,22,22,0,0,0.94
210,,,affective_grid,interview,5/13/26 13:22,n/a,69de3977bd460340bd46fede,1,5,6,5,6,2,6,2,5,5,3,2,3,6,5,5,5,4,4,5,5,4,6,7,8,3,2,6,2,1,1,5,3,12,5,24,63,106,11,5,107,18,34,9,23,22,35,28,34,21,9,566,,5/13/26 13:32,,1,0,22,22,0,0,0.96
211,,,affective_grid,interview,5/13/26 13:22,,69dcdb3c0b8cd1577f63db4b,1,7,6,5,6,6,5,6,6,7,6,2,2,3,7,7,7,7,6,7,6,7,5,5,7,1,3,2,3,1,1,7,2,23,10,35,268,153,14,37,124,18,99,34,27,26,32,19,25,63,8,1015,,5/13/26 13:39,,1,0,22,22,3,1,0.63
212,,,affective_grid,interview,5/13/26 13:23,,69f349141b7a57cdd52b671c,1,6,6,5,5,6,5,5,5,3,6,2,6,5,4,5,5,,,,,,4,3,8,2,3,1,3,5,1,5,5,13,43,5,186,146,25,37,62,19,161,31,25,76,33,34,,18,5,777,,5/13/26 13:38,,1,0,22,22,4,1,0.76
213,,,affective_grid,interview,5/13/26 13:23,I make my team members happy always and I take responsibility to check all products that  team members makes.,69d95796f2b81985559b4b59,1,6,7,2,7,7,6,6,7,6,6,2,3,7,6,6,7,7,7,7,6,6,7,7,1,3,3,3,2,4,1,6,3,50,19,11,50,222,48,32,21,21,14,24,50,40,56,43,107,57,127,873,,5/13/26 13:39,,1,0,22,22,0,0,0.6
214,,,affective_grid,interview,5/13/26 13:26,,69e5047b25806886f27a0077,1,6,6,6,6,4,6,6,6,6,3,2,5,6,6,6,6,6,6,5,6,6,6,5,9,2,3,5,9,2,1,6,6,32,51,260,203,227,47,7,32,31,31,7,11,22,68,44,37,39,11,919,,5/13/26 13:45,,1,0,22,22,3,1,0.69
215,,,affective_grid,interview,5/13/26 13:36,,69fa151e7192f3ec23315d35,1,6,5,6,6,6,7,5,6,5,5,2,3,5,6,6,5,5,6,5,5,6,6,5,8,1,4,3,3,4,1,5,5,13,3,3,5,22,6,2,9,4,5,4,5,6,6,5,9,12,2,121,,5/13/26 13:38,,1,0,22,22,3,1,2.64
216,,,affective_grid,interview,5/13/26 13:36,,5c0a29b6c307a400016adb9f,1,2,7,4,2,5,6,2,3,1,5,2,6,3,2,4,5,1,1,2,3,1,7,7,5,3,3,4,7,3,1,7,1,5,50,20,53,89,8,11,25,12,18,5,16,16,15,17,16,19,2,397,,5/13/26 13:43,,1,0,22,22,3,1,1.37
217,,,affective_grid,interview,5/13/26 13:36,,69f32ec16be4981af2e1ce1b,1,6,2,5,2,6,6,2,6,1,6,2,2,6,6,6,6,2,2,2,2,2,6,6,5,3,4,2,8,2,1,4,1,9,5,8,150,42,23,11,14,8,19,6,15,23,24,23,24,22,2,428,,5/13/26 13:43,,1,0,22,22,3,1,1.39
218,,,affective_grid,interview,5/13/26 13:36,,6658dc77e4e49937196d37b7,1,7,5,6,5,6,6,5,2,6,6,2,5,6,7,3,7,5,6,5,5,6,6,4,7,1,4,1,4,3,1,7,7,4,5,3,49,47,10,19,28,10,25,5,13,11,14,33,15,22,83,321,,5/13/26 13:43,,1,0,22,22,3,1,1.44
219,,,affective_grid,interview,5/13/26 13:36,"The manager should have known that AI makes mistakes. There were conflicting bullet points in the report that should have been further investigated, one indicated that employees were more active when working from home, but more effective in a hybrid work. These types of data points are interesting for further examination, but are not helpful standalone. ",69dce9d5d84099b58bd035b3,1,2,7,6,6,6,2,6,4,3,6,2,3,3,6,3,5,1,5,4,6,5,7,4,9,2,4,4,9,1,1,7,2,6,9,25,49,102,11,9,74,8,21,9,28,20,20,20,28,31,236,478,,5/13/26 13:48,,1,0,22,22,0,0,0.99
220,,,affective_grid,interview,5/13/26 13:36,"There was a lot of information to digest on the images, when the focus is on the AI summary and the output.",6a0423947bc255fede34ea61,1,7,7,7,3,7,6,3,5,1,6,2,7,3,3,7,7,,,,,,7,5,7,3,4,6,6,5,1,3,6,5,5,5,109,59,15,8,9,16,13,5,16,25,21,33,,20,57,421,,5/13/26 13:43,,1,0,22,22,0,0,1.35
221,,,affective_grid,interview,5/13/26 13:36,,69f47d32f5266919ffefbcde,1,6,2,3,3,4,4,5,5,2,2,2,2,3,4,5,3,3,2,2,3,3,7,2,8,3,5,3,18,4,1,3,4,11,6,17,168,186,12,7,65,16,16,7,23,25,16,19,44,22,4,664,,5/13/26 13:47,,1,0,22,22,3,1,1.05
223,,,affective_grid,interview,5/13/26 13:36,Great study ,69eb6dd55036801e44c9605a,1,6,7,6,4,6,7,3,5,6,6,2,6,6,7,5,6,7,7,2,6,7,6,5,8,2,4,5,32,6,1,7,6,7,25,189,163,306,13,14,40,88,30,10,62,72,33,43,53,28,18,950,,5/13/26 13:56,,1,0,22,22,0,0,0.57
224,,,affective_grid,interview,5/13/26 13:36,Nothing ,69d7da2dc4b14952e9acb3f8,1,5,5,6,6,6,6,6,6,5,6,2,5,6,5,6,5,5,5,3,5,7,5,7,11,3,5,1,12,3,1,6,5,13,12,90,35,81,25,19,51,27,22,33,39,22,72,36,48,31,8,664,,5/13/26 13:47,,1,0,22,22,0,0,0.71
225,,,affective_grid,interview,5/13/26 13:36,,'0706141334088,1,,,,,,,,,,,,,,,,,,,,,,,,,,6,4,,,2,,,20,6,25,10,89,,,,,,,,,,,,,,150,,5/13/26 13:39,,1,0,5,5,0,0,1.27
226,,,affective_grid,interview,5/13/26 13:37,N/A,69d868e4c6f3897a2dd08221,1,7,4,6,4,6,7,4,6,6,6,2,4,7,5,5,6,,,,,,3,4,8,3,9,5,18,5,1,3,6,48,6,28,118,174,19,14,64,22,19,9,55,51,32,38,,40,14,751,,5/13/26 13:49,,1,0,22,22,0,0,0.64
227,,,affective_grid,interview,5/13/26 13:37,,69e784216d39620eb0a7508b,1,7,5,2,4,6,3,3,4,2,1,2,5,3,2,4,7,,,,,,6,4,9,2,5,6,13,5,1,7,2,9,16,8,51,81,160,17,12,10,41,6,44,27,13,19,,20,2,387,,5/13/26 13:45,,1,0,22,22,4,1,1.25
228,,,affective_grid,interview,5/13/26 13:37,Not only P.As should do the evaluation of stuff performance. Management should also have a look into it,69d7a0aed5c37739f0c2aa97,1,6,7,6,6,7,6,6,6,7,4,2,4,7,5,7,6,6,6,2,7,6,6,4,1,3,8,4,7,6,1,6,6,29,12,23,38,62,14,14,14,15,13,15,48,85,119,48,58,58,86,673,,5/13/26 13:49,,1,0,22,22,0,0,0.76
229,,,affective_grid,interview,5/13/26 13:37,,69e3eedba0acd04b28d3e391,1,6,4,5,6,4,6,5,6,5,6,2,3,5,4,7,6,4,5,7,5,5,6,5,5,1,5,4,20,6,1,6,5,4,4,4,127,276,11,16,44,19,33,13,32,41,29,35,35,37,9,769,,5/13/26 13:49,,1,0,22,22,3,1,0.95
230,,,affective_grid,interview,5/13/26 13:37,,672e182f4023d603c6df837b,1,5,5,4,4,5,4,5,4,5,5,2,5,5,5,6,6,,,,,,5,4,8,2,5,5,10,5,1,6,5,4,17,4,96,100,9,13,8,14,37,11,20,112,28,47,,19,3,542,,5/13/26 13:46,,1,0,22,22,4,1,1.26
231,,,affective_grid,interview,5/13/26 13:37,,680d155019b77b986ff85126,1,4,4,5,4,5,4,6,5,4,4,2,4,4,5,4,4,5,5,4,5,4,5,6,9,2,6,5,6,3,1,7,7,11,3,3,49,69,18,16,30,8,13,7,14,20,14,9,10,29,6,329,,5/13/26 13:42,,1,0,22,22,3,1,1.54
232,,,affective_grid,interview,5/13/26 13:37,,69d8bc776eafff26ad0bfdd4,1,6,7,6,7,7,6,6,6,6,6,2,5,5,7,6,5,5,6,5,6,4,6,7,8,2,5,2,19,2,1,2,5,5,11,39,277,78,22,13,32,18,23,8,22,13,26,22,15,28,5,657,,5/13/26 13:48,,1,0,22,22,3,1,1.04
233,,,affective_grid,interview,5/13/26 13:37,,6599bf63f1a902105cb4f395,1,5,5,4,5,6,6,4,3,4,4,2,3,4,5,4,5,4,4,5,5,4,6,6,5,2,6,6,23,6,1,5,2,8,84,3,2,267,10,44,16,114,61,10,25,23,39,41,24,23,5,621,,5/13/26 13:50,,1,0,22,22,3,1,1.05
234,,,affective_grid,interview,5/13/26 13:37,,63174af7d57182f9bf90c094,1,3,4,6,4,6,6,3,2,2,4,2,3,4,5,3,3,2,2,2,3,2,4,4,7,2,8,6,11,6,1,6,1,18,2,20,59,131,5,9,18,18,33,10,19,32,16,22,20,18,206,458,,5/13/26 13:48,,1,0,22,22,3,1,1.16
235,,,affective_grid,interview,5/13/26 13:37,,69e6cf1ede8e0538926f4467,1,2,7,7,7,7,7,5,7,2,7,2,7,7,1,7,7,,,,,,2,2,8,3,7,4,23,5,1,7,7,12,29,62,215,144,13,13,37,21,36,14,26,31,26,32,,42,3,756,,5/13/26 13:49,,1,0,22,22,4,1,0.77
236,,,affective_grid,interview,5/13/26 13:37,Thanks for the Opportunity ,60314f566c0b9306e3956ebc,1,6,7,6,5,2,5,6,6,6,1,2,7,7,6,7,5,7,7,1,6,7,2,3,9,1,6,3,7,1,1,7,7,4,2,2,77,97,7,5,12,10,8,7,52,19,21,28,30,13,10,404,,5/13/26 13:44,,1,0,22,22,0,0,1.59
237,,,affective_grid,interview,5/13/26 13:37,,6a015631967e3340c1616015,1,6,6,5,5,5,5,6,5,5,6,2,6,3,4,5,4,5,5,5,6,5,5,2,8,2,7,6,5,3,1,6,4,9,3,34,32,54,9,9,11,13,14,10,16,13,20,28,23,22,2,322,,5/13/26 13:42,,1,0,22,22,3,1,1.45
238,,,affective_grid,interview,5/13/26 13:37,,6a019c72fa5868e6fc32128c,1,6,7,6,3,6,6,2,2,6,5,2,6,7,7,7,7,6,6,5,6,6,7,7,11,1,7,3,3,3,1,6,7,7,5,3,3,25,5,5,9,5,9,3,15,14,17,9,12,12,1,159,,5/13/26 13:39,,1,0,22,22,3,1,2.32
239,,,affective_grid,interview,5/13/26 13:37,,5dd005a9eb39730fc834988f,1,,,,,5,5,3,3,1,5,2,5,1,5,1,1,1,1,4,6,3,,,,,6,2,10,2,1,7,1,3,4,28,48,59,6,5,120,6,10,5,,18,12,100,21,,,445,,5/13/26 13:44,,0,0,18,18,0,0,1.57
240,,,affective_grid,interview,5/13/26 13:37,,6a02ff38ba724d6d369e361e,1,5,6,6,2,6,5,2,5,5,5,2,6,2,4,5,6,3,5,2,6,5,3,4,8,2,9,6,5,6,1,4,1,20,3,4,12,66,14,10,10,15,15,10,23,26,19,30,37,30,4,348,,5/13/26 13:43,,1,0,22,22,3,1,1.4
241,,,affective_grid,interview,5/13/26 13:37,,69f8fb9d86f775d659ab36a6,1,3,3,4,5,3,5,5,3,5,2,2,5,3,4,6,5,4,5,2,5,6,6,5,6,2,6,1,4,2,1,5,5,5,1,3,19,28,11,5,6,6,12,5,14,15,24,17,34,23,8,236,,5/13/26 13:41,,1,0,22,22,3,1,1.92
242,,,affective_grid,interview,5/13/26 13:37,,62d6d7815de3a8625be3c0de,1,6,3,5,2,6,6,7,6,5,5,2,2,5,4,6,6,,,,,,7,5,7,2,7,2,5,5,1,6,2,5,2,3,23,94,6,7,7,7,14,9,139,21,20,269,,84,2,353,,5/13/26 13:49,,1,0,22,22,4,1,1.66
243,,,affective_grid,interview,5/13/26 13:37,,69fb66b5935b7e8a013a1aea,1,6,6,6,3,6,6,2,5,6,7,2,6,2,5,6,5,5,6,2,4,6,5,4,4,1,7,1,17,2,1,6,6,5,22,50,99,155,16,17,54,17,20,9,24,35,29,36,46,27,6,667,,5/13/26 13:48,,1,0,22,22,3,1,0.8
244,,,affective_grid,interview,5/13/26 13:37,Thank you. ,5996d2256b939900012d9f22,1,6,3,7,7,7,7,2,7,5,7,2,1,7,6,7,6,,,,,,7,7,9,3,7,5,4,5,1,6,7,3,2,3,19,33,4,6,7,6,8,3,14,19,14,22,,17,244,188,,5/13/26 13:44,,1,0,22,22,0,0,2.22
245,,,affective_grid,interview,5/13/26 13:37,Good luck in your research!,69dd3a1a30c38363fa3a3259,1,5,3,5,5,5,5,6,4,4,4,2,3,6,3,4,5,5,4,4,3,4,2,5,5,1,8,2,12,2,1,6,2,7,39,20,82,86,12,11,70,7,14,10,13,22,32,26,30,29,11,521,,5/13/26 13:46,,1,0,22,22,0,0,1
246,,,affective_grid,interview,5/13/26 13:37,,69ecd0345c6074d1899efcc8,1,,,,,,,,,,,,,,,,,,,,,,,,,,8,5,,,3,,,8,4,8,4,216,,,,,,,,,,,,,,240,,5/13/26 13:41,,1,0,5,5,0,0,1.69
247,,,affective_grid,interview,5/13/26 13:37,It was an interesting Study.,66d4407f31981698998d25d8,1,6,7,6,6,5,7,2,6,7,6,2,6,5,7,7,3,7,7,2,5,7,7,6,11,3,8,3,26,4,1,7,6,9,128,61,114,236,13,18,53,23,26,6,22,35,53,49,43,38,30,835,,5/13/26 13:53,,1,0,22,22,0,0,0.63
248,,,affective_grid,interview,5/13/26 13:37,The survey was clear and easy to follow. ,69de1fc5cfa61b938d2a83ec,1,5,6,6,6,6,6,6,5,5,6,2,5,6,5,6,5,6,5,6,6,5,7,6,6,3,9,3,28,6,1,6,6,14,33,86,128,265,15,25,12,12,123,5,21,38,47,55,35,94,166,912,,5/13/26 13:56,,1,0,22,22,0,0,0.67
249,,,affective_grid,interview,5/13/26 13:37,"The survey is quite educative, i am lending my opinion, while earning and learning too and it is quite straightforward.",69ff53aeeaa8787df62699f4,1,6,6,5,5,5,5,2,4,5,5,2,4,5,5,4,6,,,,,,6,6,8,3,14,3,21,5,1,6,6,63,4,54,64,65,14,27,73,68,100,17,19,37,48,31,,72,67,710,,5/13/26 13:51,,1,0,22,22,0,0,0.62
250,,,affective_grid,interview,5/13/26 13:37,,65f2ae114ff6eaf05df92566,1,6,5,3,2,6,6,3,5,3,6,2,5,5,2,6,7,,,,,,7,6,11,2,9,2,9,5,1,5,2,10,6,16,60,83,12,9,29,11,19,7,23,31,21,30,,18,4,389,,5/13/26 13:43,,1,0,22,22,4,1,1.13
251,,,affective_grid,interview,5/13/26 13:37,,6a018af5da2203bc59976dcf,1,6,4,5,5,5,5,6,3,6,5,2,5,6,4,5,5,6,6,3,5,6,6,5,7,1,8,1,4,6,1,6,7,3,9,7,24,54,8,9,24,5,11,8,21,19,17,19,18,17,3,276,,5/13/26 13:42,,1,0,22,22,3,1,1.72
252,,,affective_grid,interview,5/13/26 13:37,none,675ef67a1ac1854b97ad3898,1,3,4,6,6,6,5,2,4,6,5,2,3,4,5,7,3,6,7,1,6,7,6,3,10,1,13,4,17,3,1,5,2,48,14,62,86,107,12,13,27,42,46,19,34,31,112,54,73,56,17,853,,5/13/26 13:51,,1,0,22,22,0,0,0.55
253,,,affective_grid,interview,5/13/26 13:37,,66594d5f6f9e287fef4cde8a,1,6,2,6,4,5,6,6,6,3,5,2,1,7,4,6,6,4,3,1,4,3,6,3,8,3,11,2,8,3,1,6,2,24,2,3,54,74,34,8,13,10,18,9,17,14,23,25,29,28,3,388,,5/13/26 13:44,,1,0,22,22,3,1,1.43
254,,,affective_grid,interview,5/13/26 13:37,,6765b43b89ad0ef08204e8ca,1,6,7,7,2,7,7,2,7,5,6,2,6,2,5,7,6,5,5,1,6,5,6,4,9,1,9,1,16,2,1,6,7,5,9,28,63,153,21,16,90,13,26,12,24,34,40,57,38,37,16,682,,5/13/26 13:48,,1,0,22,22,3,1,0.75
255,,,affective_grid,interview,5/13/26 13:37,,6a00e16fa61a8a6bb57bb7ee,1,4,4,5,4,4,4,3,5,1,1,2,1,2,3,3,4,3,2,4,1,5,5,5,3,1,9,4,4,1,1,4,4,5,2,3,3,36,8,1,4,4,2,2,10,8,9,6,7,14,1,125,,5/13/26 13:39,,1,0,22,22,3,1,2.71
256,,,affective_grid,interview,5/13/26 13:37,,69db5ed1a19f0a5161fe96e2,1,7,7,5,5,4,6,6,7,6,5,2,6,6,6,7,6,6,6,3,5,5,3,5,8,3,10,4,5,4,1,7,1,10,10,17,21,38,7,5,28,7,14,11,13,16,16,12,17,20,6,268,,5/13/26 13:42,,1,0,22,22,3,1,1.57
257,,,affective_grid,interview,5/13/26 13:37,,6a0197ed3dcf31a53ee837db,1,4,2,3,1,3,4,2,4,5,3,2,4,2,5,6,4,6,5,6,5,5,6,6,8,1,10,5,5,1,1,6,6,8,2,3,23,78,3,4,6,10,7,5,16,17,13,12,7,19,6,239,,5/13/26 13:41,,1,0,22,22,3,1,2.14
258,,,affective_grid,interview,5/13/26 13:37,No feedback ,69d9f68db438e85e632b41b9,1,6,6,6,6,3,6,5,6,3,4,2,6,2,4,5,5,6,6,3,3,6,6,6,11,1,10,2,21,2,1,6,2,14,28,57,54,138,33,21,83,50,41,50,64,64,115,29,39,26,18,924,,5/13/26 13:53,,1,0,22,22,0,0,0.51
259,,,affective_grid,interview,5/13/26 13:37,Good survey. Knew some of the people analytics from PMI but never used it. Great insight,69a0de789b11b933769f1e3b,1,7,3,3,6,2,5,6,3,4,2,2,1,6,5,3,7,4,5,2,2,4,6,4,8,2,11,4,18,2,1,7,4,14,90,10,80,137,14,16,43,16,26,9,27,28,26,28,33,28,34,575,,5/13/26 13:48,,1,0,22,22,0,0,0.8
260,,,affective_grid,interview,5/13/26 13:37,,69f2635cbee103fcc4c0f2cf,1,4,6,5,2,6,5,3,4,7,5,2,4,4,6,5,4,7,7,4,6,7,5,4,7,2,10,3,11,3,1,6,5,5,3,29,51,84,12,9,46,10,15,7,19,20,31,31,23,25,3,423,,5/13/26 13:44,,1,0,22,22,3,1,1.25
261,,,affective_grid,interview,5/13/26 13:37,I alreeady use a type of analytics at wokr which SLT are obessed with,69fcba8a61fcf958c87765de,1,5,6,4,5,3,6,4,6,5,5,2,7,5,5,6,6,4,5,2,4,5,2,7,8,2,14,2,6,2,1,5,1,36,6,9,43,35,9,8,15,5,15,7,19,20,21,30,29,24,21,352,,5/13/26 13:43,,1,0,22,22,0,0,1.34
262,,,affective_grid,interview,5/13/26 13:37,,6665a806be52905a784f7437,1,4,5,6,5,6,7,2,2,6,6,2,5,3,6,4,5,6,6,6,5,6,6,6,8,2,10,1,9,6,1,6,7,6,2,27,60,61,7,16,37,13,16,5,21,20,15,26,22,17,5,376,,5/13/26 13:44,,1,0,22,22,3,1,1.34
263,,,affective_grid,interview,5/13/26 13:37,,697cce0e37b306c379cff8ea,1,6,6,6,3,6,6,3,6,2,5,2,6,3,5,3,3,2,2,5,2,2,6,6,3,1,10,6,24,6,1,6,2,3,105,2,3,424,8,15,14,8,17,6,33,23,16,18,25,18,2,641,,5/13/26 13:50,,1,0,22,22,3,1,1.55
264,,,affective_grid,interview,5/13/26 13:37,,69f127420d585b15158240a2,1,4,6,3,3,4,5,3,4,6,3,2,5,4,6,5,4,6,6,2,5,6,6,6,3,3,11,1,10,3,1,6,6,6,2,3,16,47,5,10,148,4,11,4,12,15,15,19,17,12,3,349,,5/13/26 13:43,,1,0,22,22,3,1,2.01
265,,,affective_grid,interview,5/13/26 13:37,,69b02cb4bbffd7cecd06c783,1,6,5,5,5,5,5,2,5,3,5,2,3,5,3,4,6,2,3,3,5,3,7,7,3,3,11,6,28,2,1,6,2,9,3,19,282,77,132,8,62,79,14,10,14,88,22,37,38,16,3,792,,5/13/26 13:53,,1,0,22,22,3,1,1.03
266,,,affective_grid,interview,5/13/26 13:37,great survey.,69f9a05978b9240c725ec69e,1,6,5,5,6,6,7,6,6,6,5,2,3,6,7,6,7,6,7,3,3,7,7,6,8,3,13,1,21,6,1,5,6,26,30,66,119,116,20,22,27,49,29,11,24,26,27,27,54,62,16,751,,5/13/26 13:50,,1,0,22,22,0,0,0.62
267,,,affective_grid,interview,5/13/26 13:37,,6998153b1d28ff630545fa88,1,5,5,5,5,5,4,4,5,5,5,5,5,6,6,6,6,5,5,4,5,5,,,,,12,2,14,1,1,6,3,11,4,28,85,136,10,12,23,11,58,24,24,30,16,9,41,,,522,,5/13/26 13:46,,1,0,18,18,0,0,1.03
270,,,affective_grid,interview,5/13/26 13:37,"Unsure what the ""i am satisfied with television programmes"" question was about. I answered ""agree"" as I am but unsure if this was some sort of attention check?",69cbcb9a5c8b56847e4ebda5,1,7,1,5,5,6,7,1,6,1,5,2,1,2,6,6,7,,,,,,7,6,4,2,11,3,11,5,1,6,7,9,3,4,61,95,23,12,38,9,12,7,15,15,14,22,,19,47,405,,5/13/26 13:44,,1,0,22,22,0,0,1.3
272,,,affective_grid,interview,5/13/26 13:37,,5bc36079c9dbcd0001a842ed,1,5,7,6,7,2,7,1,1,6,5,2,2,1,7,2,5,7,7,6,7,7,5,5,7,2,11,5,33,4,1,6,6,10,3,105,569,74,17,7,20,11,14,7,23,15,18,21,24,25,2,455,,5/13/26 13:54,,1,0,22,22,3,1,1.24
273,,,affective_grid,interview,5/13/26 13:37,,69d5baf91b5a6b4c16645bb7,1,6,7,6,7,7,7,2,5,2,6,2,7,2,6,6,6,2,2,2,3,2,6,5,7,2,11,6,6,4,1,7,1,5,3,9,41,74,5,7,6,9,12,5,15,14,13,18,21,15,2,274,,5/13/26 13:42,,1,0,22,22,3,1,1.84
274,,,affective_grid,interview,5/13/26 13:38,,5a4ce99f5f74170001e0ff1a,1,5,4,3,4,4,4,4,4,4,4,2,4,4,4,4,5,4,3,4,4,3,5,5,6,1,12,4,7,4,1,5,3,10,7,7,33,66,5,5,11,7,18,8,10,8,14,11,24,44,2,290,,5/13/26 13:42,,1,0,22,22,3,1,1.83
275,,,affective_grid,interview,5/13/26 13:38,,69e9558947a54b9f8c187230,1,,,,,,,,,,,,,,,,,,,,,,,,,,14,4,,,,,,28,47,93,326,,,,,,,,,,,,,,,494,,5/13/26 13:46,,0,0,4,4,0,0,0.21
276,,,affective_grid,interview,5/13/26 13:38,no other feedback,69efdc5294f7198177091140,1,6,5,6,4,6,6,5,5,7,6,2,5,5,6,7,6,6,7,5,4,7,7,6,8,2,12,1,15,4,1,6,6,4,5,42,78,127,12,21,27,34,21,8,21,32,27,25,42,29,20,575,,5/13/26 13:47,,1,0,22,22,0,0,0.89
277,,,affective_grid,interview,5/13/26 13:38,,69d5e22099adc2f11a1cb1e0,,,,,,,,,,,,,,,,,,,,,,,,,,,14,5,,,,,,20,2,,,,,,,,,,,,,,,,,22,,5/13/26 13:38,,0,0,1,2,0,0,1.73
278,,,affective_grid,interview,5/13/26 13:38,"If it were a real management scenario, I wouldn't use a tool like this unless mandated to do so. These things are probably very appealing for certain types of managers, but not to me. They don't tell me anything about employees' needs and goals, what might be causing differences in ""performance"", and how it is that I could lift them up. Instead the intention with things like this is to identify supposed underperformers, according to the metrics that developers of such systems think are important or which can be tracked and calculated, in order to issue punitive forms of punishment. ",69e7fcc1b404e208c080b5f6,1,2,6,5,2,3,6,2,2,3,2,2,2,2,4,6,5,2,2,4,4,2,7,6,5,2,12,3,15,3,1,7,6,10,23,27,81,143,13,8,64,9,13,8,19,24,36,28,30,31,126,575,,5/13/26 13:49,,1,0,22,22,0,0,0.88
279,,,affective_grid,interview,5/13/26 13:38,"I found the simulation realy interesting, especialy how it showed the tension between automated data and a manager's own judgement. It was a clear look at how ''objectives'' systems can sometimes miss the mark compared to hands-on leadership. No other comments- thanks for the opportunity to participate.",69f8ae6e3ba8200f95025166,1,6,7,7,6,7,7,1,7,2,7,2,7,1,6,7,6,6,2,1,7,2,7,6,9,2,24,2,46,1,1,7,1,123,132,194,107,628,120,86,181,57,41,93,149,99,100,125,57,267,676,833,,5/13/26 14:32,,1,0,22,22,0,0,0.2
280,,,affective_grid,interview,5/13/26 13:38,,62cbf51439a76e8fccd8a495,1,2,6,2,2,3,6,3,4,6,5,2,6,2,5,4,2,6,7,3,6,7,5,6,7,2,13,2,25,4,1,7,5,13,236,16,126,101,6,14,42,16,11,10,17,22,20,25,25,31,9,510,,5/13/26 13:50,,1,0,22,22,3,1,0.98
281,,,affective_grid,interview,5/13/26 13:38,,56361decdc62e5000bcb3ebe,1,1,1,1,1,1,1,1,1,1,1,2,1,1,1,1,1,1,1,1,1,1,6,6,6,2,12,5,4,4,1,1,1,3,2,3,12,37,6,2,11,5,2,7,3,3,9,2,5,16,2,130,,5/13/26 13:40,,1,0,22,22,3,1,2.67
282,,,affective_grid,interview,5/13/26 13:38,,612adba08b8235b31539c704,1,6,3,6,6,6,6,3,4,7,6,2,3,3,6,6,5,6,7,6,6,7,7,6,8,1,13,5,16,4,1,6,7,6,3,2,280,72,5,9,6,4,9,4,8,11,12,10,11,18,1,471,,5/13/26 13:46,,1,0,22,22,3,1,2.15
283,,,affective_grid,interview,5/13/26 13:38,,69e7ebff3900e7051bb24ae1,1,6,6,2,3,2,3,4,4,4,2,2,3,7,5,6,6,3,3,2,4,4,7,2,9,2,13,6,6,1,1,6,3,9,3,3,69,34,3,5,7,8,10,4,11,11,10,13,11,11,3,225,,5/13/26 13:41,,1,0,22,22,3,1,2.24
284,,,affective_grid,interview,5/13/26 13:38,,67690558cb727baa2375ecba,1,6,6,6,2,6,6,3,6,5,6,2,5,3,5,6,6,5,5,2,6,6,6,5,10,2,14,6,37,4,1,6,5,14,51,83,161,328,17,20,60,117,53,21,25,28,32,37,122,37,5,1108,,5/13/26 13:58,,1,0,22,22,3,1,0.55
285,,,affective_grid,interview,5/13/26 13:38,,69fdcb27634f76d3cfc286b3,1,,,,,,,,,,,,,,,,,,,,,,,,,,13,3,,,,,,5,675,9,,,,,,,,,,,,,,,,20,,5/13/26 13:49,,0,0,3,3,0,0,1.31
286,,,affective_grid,interview,5/13/26 13:38,,69ee6366ef09e63b4b951d14,1,1,1,1,7,1,7,7,7,7,1,2,1,7,7,7,1,,,,,,7,7,11,1,16,5,30,5,1,7,7,30,40,70,302,183,13,51,20,14,15,49,25,63,37,45,,31,10,998,,5/13/26 13:54,,1,0,22,22,4,1,0.61
287,,,affective_grid,interview,5/13/26 13:38,,5f9208ed6778c812060de7ed,1,5,6,3,5,3,5,5,4,5,3,2,4,4,6,5,5,,,,,,7,7,6,1,15,3,14,5,1,5,7,12,13,25,115,78,10,20,40,11,22,9,28,22,26,24,,29,5,489,,5/13/26 13:46,,1,0,22,22,4,1,0.92
288,,,affective_grid,interview,5/13/26 13:38,,69f38848b8c0660270bc39b0,1,6,5,6,6,6,5,6,7,7,6,2,3,5,6,6,6,5,5,1,6,5,6,6,9,1,14,1,20,4,1,6,5,5,16,83,82,109,35,57,66,8,9,12,37,22,98,69,45,29,2,784,,5/13/26 13:51,,1,0,22,22,3,1,0.91
289,,,affective_grid,interview,5/13/26 13:38,,6669f64ecd7e3ec30632f607,1,6,6,6,6,7,6,6,4,5,6,2,5,6,6,6,6,5,4,2,4,4,6,6,8,3,16,4,18,3,1,5,6,23,9,5,75,44,11,8,25,17,192,6,31,20,24,17,64,25,3,426,,5/13/26 13:48,,1,0,22,22,3,1,1.2
290,,,affective_grid,interview,5/13/26 13:38,enjoyed taking part in the study,69e093e47f6e6b6edb0542ce,1,5,5,4,6,4,6,4,6,6,4,2,6,5,6,7,4,6,5,3,6,5,6,5,7,2,17,3,21,4,1,5,6,24,9,12,143,178,10,11,32,25,26,7,25,51,22,44,27,23,22,691,,5/13/26 13:49,,1,0,22,22,0,0,0.82
291,,,affective_grid,interview,5/13/26 13:38,The survey was very interesting and demonstrates how technology is evolving. ,69d6240e859be1a129afdeb4,1,6,6,6,6,7,7,2,6,6,6,2,7,6,6,7,6,6,6,1,6,6,6,2,9,2,16,1,15,2,1,5,6,18,34,34,30,121,16,21,47,20,26,12,34,54,33,26,35,48,44,653,,5/13/26 13:49,,1,0,22,22,0,0,0.69
292,,,affective_grid,interview,5/13/26 13:38,,69125d5085ace25001032a9d,1,6,5,2,3,6,6,6,6,2,5,2,6,4,4,6,5,3,2,3,3,4,5,3,8,3,20,3,27,4,1,3,2,50,9,62,149,192,19,12,53,30,52,20,43,18,33,24,41,26,4,837,,5/13/26 13:52,,1,0,22,22,3,1,0.71
293,,,affective_grid,interview,5/13/26 13:38,,5e8dc06c8c085a02454c4b3c,1,6,6,4,5,5,4,3,5,2,3,2,6,5,4,5,6,3,3,3,6,3,5,5,4,1,17,2,8,1,1,5,2,21,4,2,39,32,15,25,28,4,20,7,34,37,32,74,81,19,3,477,,5/13/26 13:46,,1,0,22,22,3,1,1.31
295,,,affective_grid,interview,5/13/26 13:38,{EM_BEAMING_FACE_WITH_SMILING_EYES},59e7477e3e4b5a00016aa4d2,1,7,7,7,5,5,6,3,7,1,7,2,7,4,5,7,7,,,,,,5,4,7,2,15,6,7,5,1,6,1,5,2,18,12,60,6,8,11,12,10,6,19,24,14,29,,24,20,280,,5/13/26 13:43,,1,0,22,22,0,0,1.58
296,,,affective_grid,interview,5/13/26 13:38,,69f0df91111c212bbfe2af9b,1,6,6,4,5,4,7,4,6,6,5,2,3,5,6,5,6,6,6,5,6,6,6,5,7,2,15,4,11,4,1,6,6,6,7,115,26,46,8,6,12,13,12,7,22,48,20,16,35,20,5,424,,5/13/26 13:45,,1,0,22,22,3,1,1.36
297,,,affective_grid,interview,5/13/26 13:38,"While the report generated may give some general impressions / interpretations of how the team functions, I still beleive it is up to the manager to determine the performance score of the employee.  If the manager is engaged with his/her team, they should not require a system to determine how the employee is performing.  Based on tasks completed, deadlines met, on budget, etc, these are more accurate metrics of performance that a manager could use.  We have an employee that is regularly absent, does not complete tasks accurately or to the full degree necessary, and is constantly handing in tasks late.  The manager does not need a system to identify the performance of this individual.  ",699764c6d1c338e804355efd,1,6,5,3,2,6,6,5,6,2,6,2,6,6,2,6,6,2,2,2,2,2,3,5,8,1,29,6,25,2,1,5,2,174,4,33,83,144,18,10,26,45,38,16,40,36,25,30,29,27,225,621,,5/13/26 13:55,,1,0,22,22,0,0,0.7
298,,,affective_grid,interview,5/13/26 13:38,nothing,63ea4b5592211a79471c9deb,1,5,6,5,5,6,5,5,5,3,3,2,3,6,5,6,6,6,6,6,6,5,5,5,8,2,15,2,6,6,1,5,1,8,1,3,57,35,3,8,7,5,8,4,15,8,7,3,12,20,282,212,,5/13/26 13:46,,1,0,22,22,0,0,2.23
299,,,affective_grid,interview,5/13/26 13:38,There is no option to control the core metrics and how they are calculated,6a02ce9bbe734c912f2db40e,1,7,7,1,7,7,7,7,3,1,1,2,7,7,2,7,7,1,1,5,7,1,7,7,7,2,15,5,9,3,1,5,7,7,6,17,49,51,13,6,11,10,16,6,17,18,20,27,23,29,21,347,,5/13/26 13:44,,1,0,22,22,0,0,1.28
300,,,affective_grid,interview,5/13/26 13:38,,69d8bdacedcb4c3c71ed5f7e,1,7,6,7,7,6,7,2,4,6,7,2,6,1,5,7,7,6,6,7,6,7,7,7,10,3,21,4,18,6,1,6,6,56,9,9,32,117,9,29,95,35,22,19,59,27,56,30,15,34,5,658,,5/13/26 13:49,,1,0,22,22,3,1,0.89
301,,,affective_grid,interview,5/13/26 13:38,None,69f4a26e08fb26209d7ca5b5,1,6,7,6,6,5,5,5,5,6,3,2,6,2,6,6,2,6,7,4,7,7,7,7,9,2,16,3,26,3,1,6,7,8,6,26,48,140,131,100,71,43,21,47,18,26,73,92,63,28,12,745,,5/13/26 13:54,,1,0,22,22,0,0,0.64
302,,,affective_grid,interview,5/13/26 13:38,,6146fae1e27a56034fdcb5c5,1,5,6,2,4,2,5,3,5,6,3,2,5,5,6,5,2,,,,,,6,5,8,1,19,5,20,5,1,7,5,31,5,7,175,134,9,17,17,24,30,5,118,149,67,190,,76,7,773,,5/13/26 13:56,,1,0,22,22,4,1,0.82
303,,,affective_grid,interview,5/13/26 13:38,,5e909d6c5321c13abee11725,1,,,,,,,,,,,,,,,,,,,,,,,,,,15,1,,,2,,,6,2,3,100,4,,,,,,,,,,,,,,115,,5/13/26 13:40,,1,0,5,5,0,0,2.22
304,,,affective_grid,interview,5/13/26 13:38,Nothing at the moment,69e37f461a93b529d112421c,1,5,5,5,5,5,5,5,6,5,4,2,5,5,6,4,5,5,6,4,5,6,5,5,8,3,17,5,24,3,1,6,5,11,30,50,162,165,12,24,19,22,40,17,55,39,35,35,46,40,27,829,,5/13/26 13:52,,1,0,22,22,0,0,0.6
305,,,affective_grid,interview,5/13/26 13:38,,69e46cb9827363690abd178c,1,6,2,3,3,2,6,6,6,6,2,2,6,2,6,6,6,6,7,2,6,7,7,6,9,2,23,1,27,1,1,5,3,66,40,73,104,147,28,39,69,18,33,14,36,42,61,46,49,34,11,853,,5/13/26 13:53,,1,0,22,22,3,1,0.5
306,,,affective_grid,interview,5/13/26 13:38,,699a0aaf64e47553f7098987,1,3,5,2,4,5,6,5,6,7,5,2,3,4,6,7,5,,,,,,7,5,8,1,16,6,36,5,1,7,3,8,93,134,381,127,10,25,16,20,46,19,45,34,101,33,,33,11,612,,5/13/26 13:57,,1,0,22,22,4,1,0.63
307,,,affective_grid,interview,5/13/26 13:38,,6a0300f7306544e7819f05f7,1,5,7,7,6,7,7,3,3,5,7,2,6,6,6,7,5,5,6,1,6,6,7,6,9,2,16,2,8,6,1,6,1,4,1,12,37,53,7,16,11,10,18,10,29,27,15,23,26,22,6,327,,5/13/26 13:44,,1,0,22,22,3,1,1.46
308,,,affective_grid,interview,5/13/26 13:38,The survey was great.,69d92298edccf1a4d7f6bf20,1,7,3,6,7,6,5,7,7,7,7,2,6,7,7,7,5,7,7,2,5,6,7,5,11,1,17,1,22,3,1,6,7,6,133,12,219,40,9,4,13,14,15,7,16,19,16,17,22,23,17,475,,5/13/26 13:48,,1,0,22,22,0,0,1.34
309,,,affective_grid,interview,5/13/26 13:38,i had good time refreshing this.,69e38c98c549fc4b6ee1277f,1,6,6,6,6,6,6,6,5,6,5,2,6,6,5,5,6,4,6,3,5,6,6,5,8,3,22,2,33,6,1,5,2,58,32,51,203,263,19,3,62,57,29,77,15,16,37,27,43,31,46,1001,,5/13/26 13:56,,1,0,22,22,0,0,0.7
310,,,affective_grid,interview,5/13/26 13:38,,69e036682cec57400d8c4baf,1,7,7,7,7,7,6,2,6,3,6,2,6,7,6,6,6,2,2,2,7,2,7,7,10,3,17,4,11,2,1,7,3,8,4,39,16,58,8,10,11,36,19,9,65,26,41,44,60,56,10,520,,5/13/26 13:47,,1,0,22,22,3,1,1.07
311,,,affective_grid,interview,5/13/26 13:38,,69f10a7a03e0475047a34003,1,,,,,,,,,,,,,,,,,,,,,,,,,,17,6,,,,,,8,576,3,805,,,,,,,,,,,,,,,76,,5/13/26 14:01,,0,0,4,4,0,0,1.05
313,,,affective_grid,interview,5/13/26 13:38,,69db57b5e8dd8e9c01bcd866,1,4,7,7,7,7,7,7,7,7,7,2,7,7,7,7,4,7,7,7,7,7,4,4,11,1,19,3,5,2,1,6,7,23,3,4,2,31,5,3,11,8,6,4,11,12,43,27,24,15,2,234,,5/13/26 13:42,,1,0,22,22,3,1,2.07
314,,,affective_grid,interview,5/13/26 13:38,,69f6a5ce6d3469c298f18c23,1,6,6,6,3,6,5,3,4,3,6,2,5,5,5,5,6,4,3,4,5,3,5,5,8,1,18,2,7,2,1,6,2,5,6,2,7,58,8,8,25,12,21,14,19,71,44,43,30,15,3,391,,5/13/26 13:45,,1,0,22,22,3,1,1.39
315,,,affective_grid,interview,5/13/26 13:38,,69dd31f185a0c36d717592c5,1,6,7,6,6,5,7,4,7,5,6,2,7,7,5,7,6,7,5,1,7,6,6,6,6,2,19,2,21,3,1,6,7,15,17,21,157,110,26,45,22,15,16,11,31,44,80,38,79,49,26,802,,5/13/26 13:52,,1,0,22,22,3,1,0.63
316,,,affective_grid,interview,5/13/26 13:38,,69f4d8a64225ee43ae43cbf6,1,5,5,5,5,5,5,3,3,5,5,2,5,3,5,5,5,5,5,3,5,5,5,5,3,1,18,4,17,1,1,7,3,10,4,22,125,102,11,14,40,15,25,12,31,30,20,24,25,22,12,544,,5/13/26 13:47,,1,0,22,22,3,1,0.91
317,,,affective_grid,interview,5/13/26 13:38,,69ef579b32635891aacb1ffa,1,6,6,2,6,2,2,6,5,2,3,2,6,6,6,5,6,2,2,3,6,2,6,2,2,2,18,6,10,6,1,6,1,9,6,32,46,49,5,9,8,15,16,6,17,15,12,14,16,15,2,292,,5/13/26 13:43,,1,0,22,22,3,1,1.63
318,,,affective_grid,interview,5/13/26 13:38,No feedback ,69d7a7568070aacd3cf97ef0,1,7,7,2,7,1,7,1,6,7,6,2,6,2,7,6,7,7,7,6,2,7,6,7,1,2,18,3,18,1,1,7,7,7,9,31,90,117,14,30,45,21,21,8,44,41,53,45,47,36,21,680,,5/13/26 13:50,,1,0,22,22,0,0,0.69
320,,,affective_grid,interview,5/13/26 13:38,,69ea53a90c6cacb935a68043,1,5,6,6,5,4,7,7,6,6,2,2,3,6,5,7,3,,,,,,6,5,8,3,20,4,27,5,1,7,1,22,4,7,203,247,11,33,30,12,28,11,70,27,22,52,,33,3,815,,5/13/26 13:52,,1,0,22,22,4,1,0.97
321,,,affective_grid,interview,5/13/26 13:38,"I wonder if the report will be solely based on digital activity of employees, or if there are other metrics being taken into account",5c46294a8dcf8d000112d559,1,6,5,6,6,6,7,6,5,6,6,2,3,5,6,6,5,,,,,,5,3,8,3,18,5,12,5,1,5,6,7,12,16,34,105,10,8,12,25,9,8,21,24,28,25,,24,63,376,,5/13/26 13:46,,1,0,22,22,0,0,1.13
322,,,affective_grid,interview,5/13/26 13:38,,602f57ea338e8ec1f6ccddbd,1,6,6,5,6,5,6,6,6,5,5,2,4,7,7,6,6,6,6,6,5,6,6,6,9,3,19,1,33,2,1,2,6,11,38,11,7,586,9,23,33,23,31,6,9,10,12,19,10,14,4,371,,5/13/26 13:53,,1,0,22,22,3,1,1.44
324,,,affective_grid,interview,5/13/26 13:39,,6a00b6713b3a76482e7abe62,1,5,5,4,4,7,6,3,6,5,5,2,5,5,5,6,5,,,,,,6,6,7,1,18,1,8,5,1,7,6,5,5,9,31,49,9,7,18,6,10,7,12,15,13,20,,14,5,235,,5/13/26 13:42,,1,0,22,22,4,1,1.7
325,,,affective_grid,interview,5/13/26 13:39,Non,6091b2b1fec07f6e3f674cd3,1,5,7,4,2,3,5,5,5,1,2,2,5,6,6,6,6,5,1,1,5,3,6,5,11,2,19,4,24,2,1,4,3,6,28,37,113,130,10,18,69,22,81,11,22,80,28,45,43,29,10,782,,5/13/26 13:52,,1,0,22,22,0,0,0.69
326,,,affective_grid,interview,5/13/26 13:39,,69f773fba17d7f7813e727b2,1,6,7,7,6,6,7,5,6,7,6,2,7,7,7,5,6,6,7,1,6,7,7,5,9,2,20,1,22,6,1,6,6,12,4,51,118,132,9,21,65,13,30,9,254,43,47,49,28,42,9,704,,5/13/26 13:54,,1,0,22,22,3,1,0.72
327,,,affective_grid,interview,5/13/26 13:39,thank  you.,69d548c664490638a0aa6908,1,6,5,6,6,6,6,2,6,6,6,2,2,6,6,6,6,6,6,2,6,6,7,5,11,3,19,6,10,4,1,6,6,8,6,9,7,52,12,6,38,26,16,9,37,77,34,27,41,34,21,460,,5/13/26 13:46,,1,0,22,22,0,0,1.11
328,,,affective_grid,interview,5/13/26 13:39,No thanks,69d7e59efd3fb896d82107a8,1,3,6,6,6,6,6,7,7,7,4,2,3,7,6,7,6,,,,,,6,6,11,3,26,1,24,5,1,2,7,89,45,75,77,81,40,32,23,11,24,9,56,49,146,159,,73,24,801,,5/13/26 13:56,,1,0,22,22,0,0,0.54
329,,,affective_grid,interview,5/13/26 13:39,N/A,69a059466e8399919d49551e,1,5,4,5,5,4,6,6,6,4,4,2,4,6,5,6,5,,,,,,6,3,5,1,20,6,40,5,1,6,2,8,60,70,208,235,17,192,83,50,72,20,45,30,44,53,,53,31,1037,,5/13/26 14:00,,1,0,22,22,0,0,0.43
330,,,affective_grid,interview,5/13/26 13:39,I have never worked with such a system before and would like to try it out.,69d9f45ef48eec440ba4cf8f,1,7,7,3,6,5,6,5,7,5,2,2,3,6,5,6,7,5,6,5,6,6,6,6,8,1,21,6,29,3,1,5,6,14,16,71,93,335,13,30,35,19,48,10,41,33,40,35,56,39,44,972,,5/13/26 13:55,,1,0,22,22,0,0,0.56
331,,,affective_grid,interview,5/13/26 13:39,,69f3606a928f24b1d991c1b1,1,7,6,4,3,6,6,6,5,2,6,2,6,5,3,5,7,3,2,4,5,2,6,6,7,1,21,2,21,1,1,5,1,8,10,36,166,99,12,37,21,11,29,397,29,39,27,26,31,17,9,616,,5/13/26 13:56,,1,0,22,22,3,1,0.81
332,,,affective_grid,interview,5/13/26 13:39,I really enjoyed this survey,69f9151deac87fe85bb157db,1,7,6,5,6,5,6,6,5,5,6,2,4,5,6,5,7,6,5,6,6,5,6,4,8,2,21,3,12,1,1,6,6,10,4,49,6,83,10,17,21,13,7,9,31,30,46,45,39,34,20,474,,5/13/26 13:47,,1,0,22,22,0,0,1.07
333,,,affective_grid,interview,5/13/26 13:39,,6a01931f4d973fc9b1c1de20,1,6,2,5,1,2,6,7,7,7,3,2,2,2,7,6,6,5,7,1,2,7,7,2,8,2,20,5,10,1,1,6,7,3,2,7,27,96,5,5,10,8,7,5,14,15,15,14,15,15,3,266,,5/13/26 13:43,,1,0,22,22,3,1,2.12
335,,,affective_grid,interview,5/13/26 13:39,Everything was clear and understable.,69d5e22099adc2f11a1cb1e0,1,7,7,2,1,2,2,6,6,2,2,2,7,6,2,6,6,2,2,2,6,2,4,4,3,3,20,2,22,1,1,6,1,6,122,11,73,74,67,25,15,23,15,37,168,280,122,100,127,178,64,725,,5/13/26 14:04,,1,0,22,22,0,0,0.61
336,,,affective_grid,interview,5/13/26 13:39,,69d80cc8ba8b380a94f1040c,1,7,3,6,6,6,6,3,6,7,7,2,5,6,7,6,5,6,7,2,5,6,5,2,9,2,21,5,23,3,1,6,5,12,79,3,97,150,9,19,31,17,39,6,36,85,23,28,38,38,2,639,,5/13/26 13:51,,1,0,22,22,3,1,0.99
337,,,affective_grid,interview,5/13/26 13:39,very interesting study,677681e87f2eb7ff5207bc52,1,5,6,6,6,6,6,2,7,5,5,2,2,5,6,6,6,7,6,2,7,6,7,6,10,3,21,1,13,6,1,5,6,6,42,13,32,70,11,3,24,8,34,26,25,10,19,38,16,28,13,418,,5/13/26 13:46,,1,0,22,22,0,0,1.26
338,,,affective_grid,interview,5/13/26 13:39,no comments,5b3f327917ac2d00011caef2,1,6,5,6,3,6,6,2,5,6,6,2,5,3,5,4,2,6,6,6,6,6,6,2,7,1,22,5,29,4,1,6,5,13,21,97,208,178,13,12,66,16,21,7,28,18,42,24,21,30,15,830,,5/13/26 13:53,,1,0,22,22,0,0,0.77
339,,,affective_grid,interview,5/13/26 13:39,,651865050634b0ca55fc0d0d,1,1,1,1,4,6,6,2,7,4,4,6,4,7,5,7,4,,,,,,,,,,31,2,39,5,1,4,1,146,3,5,544,57,6,19,96,8,15,7,21,17,18,30,,,,370,,5/13/26 13:55,,1,0,14,17,0,0,1.24
340,,,affective_grid,interview,5/13/26 13:39,Having clearer ties to the opinion questions and the software demoed would have been better. There were concerns with lack of contextual questions about the type of metrics being used to asses efficiency and effectiveness. ,60e408bded9930f470e68f06,1,6,7,7,6,7,6,1,3,6,7,2,7,1,5,2,5,5,6,4,7,6,6,4,7,2,22,3,24,4,1,3,7,5,35,35,81,211,14,19,38,11,33,10,25,26,25,24,35,29,63,664,,5/13/26 13:51,,1,0,22,22,0,0,0.79
341,,,affective_grid,interview,5/13/26 13:39,,69d56e77c9c23b286c91059e,1,,,,,,,,,,,,,,,,,,,,,,,,,,28,5,,,,,,109,8,56,,,,,,,,,,,,,,,,73,,5/13/26 13:42,,0,0,3,3,0,0,0.39
342,,,affective_grid,interview,5/13/26 13:39,,60578c6bcf9ae41762bd8adb,1,6,3,6,6,6,6,6,6,6,6,2,3,2,6,6,5,6,6,4,6,6,7,7,7,2,22,6,9,4,1,6,5,5,5,13,22,58,5,9,6,7,2,7,15,10,13,22,14,19,2,234,,5/13/26 13:43,,1,0,22,22,3,1,1.95
343,,,affective_grid,interview,5/13/26 13:39,,69f242adf4d5f56273e888d7,1,2,6,2,7,3,6,2,6,5,2,2,7,7,7,7,7,7,7,2,7,7,6,6,8,2,23,5,26,2,1,6,7,25,27,28,82,196,9,16,24,117,25,4,45,43,36,29,43,24,10,680,,5/13/26 13:52,,1,0,22,22,3,1,0.77
344,,,affective_grid,interview,5/13/26 13:39,I loved this concept of the managment tool. As this is first time for me but I understood each part. Thank you,69f738d836d98271b8934f45,1,4,5,3,5,1,7,5,5,7,3,2,4,5,7,7,4,7,7,1,4,7,7,6,5,1,23,3,32,2,1,2,7,12,31,45,150,324,17,23,28,23,39,15,25,45,51,38,47,40,56,1009,,5/13/26 13:56,,1,0,22,22,0,0,0.54
345,,,affective_grid,interview,5/13/26 13:39,none,661124ea6eb49e5f25077328,1,6,6,6,7,6,7,2,7,7,6,2,6,7,7,7,7,,,,,,6,7,11,2,22,1,15,5,1,6,7,6,5,9,30,85,7,54,52,18,14,5,9,16,17,9,,23,9,368,,5/13/26 13:45,,1,0,22,22,0,0,1.44
346,,,affective_grid,interview,5/13/26 13:39,,6156eea00a1b487bcf7a3bda,1,7,7,2,6,3,7,5,4,1,6,2,6,6,6,7,7,5,5,1,6,5,6,5,6,1,22,4,30,1,1,5,1,5,5,50,100,261,21,21,114,21,57,8,50,36,29,181,43,45,2,895,,5/13/26 13:57,,1,0,22,22,3,1,0.78
347,,,affective_grid,interview,5/13/26 13:39,, 6156fef09d1ab07148870099,1,7,7,7,7,7,2,4,4,2,6,2,1,7,7,4,7,1,2,4,7,1,5,6,3,1,23,2,37,3,1,6,1,7,104,3,93,59,7,522,5,4,11,5,12,18,24,16,17,13,2,314,,5/13/26 13:55,,1,0,22,22,3,1,1.68
348,,,affective_grid,interview,5/13/26 13:39,,6a01b8aa748a52876d702a98,1,7,6,5,6,5,7,3,4,5,5,2,3,6,6,5,7,5,7,3,6,6,7,3,8,3,23,4,12,4,1,6,1,12,17,4,89,44,4,6,4,4,4,5,14,15,15,16,23,13,3,292,,5/13/26 13:44,,1,0,22,22,3,1,1.94
349,,,affective_grid,interview,5/13/26 13:39,,69fef452afa0a6b32ca07cd3,1,7,6,1,2,2,2,2,2,1,1,2,5,1,1,5,7,2,1,2,4,2,2,5,10,2,24,4,8,4,1,1,1,18,3,6,6,27,8,7,14,6,9,5,17,14,12,16,20,13,2,203,,5/13/26 13:43,,1,0,22,22,3,1,1.98
350,,,affective_grid,interview,5/13/26 13:39,,5ca9106716aa84001725d880,1,5,7,3,2,3,5,1,5,3,4,2,7,6,4,5,5,3,3,3,2,3,6,6,8,3,23,6,29,6,1,6,2,8,2,27,52,423,3,2,17,71,12,4,10,20,8,104,9,13,1,786,,5/13/26 13:52,,1,0,22,22,3,1,1.79
351,,,affective_grid,interview,5/13/26 13:39,,69fb698ec13c699a83cf1fa8,1,6,6,5,6,6,6,3,6,6,6,2,6,5,6,6,6,6,6,2,6,6,6,6,8,3,25,3,36,1,1,3,7,31,37,63,153,166,37,17,229,25,35,9,29,33,24,31,29,54,12,809,,5/13/26 13:56,,1,0,22,22,3,1,0.58
352,,,affective_grid,interview,5/13/26 13:39,,69fe02590dfa6547c05b1e72,1,3,3,5,5,5,5,5,5,5,5,2,3,3,5,5,5,5,5,5,5,5,6,6,6,1,35,5,41,3,1,6,6,230,10,5,3,579,13,168,17,15,22,19,16,14,61,14,10,23,5,369,,5/13/26 14:00,,1,0,22,22,3,1,1.24
355,,,affective_grid,interview,5/13/26 13:39,,6997675dd93ddd40f244d28b,1,6,5,5,5,7,5,4,5,4,5,2,6,7,6,6,6,,,,,,6,6,11,3,38,5,28,5,1,7,6,335,3,17,30,96,24,7,45,7,7,5,15,23,16,14,,32,11,361,,5/13/26 13:51,,1,0,22,22,4,1,1.34
356,,,affective_grid,interview,5/13/26 13:39,,6a00db50a1deaae7c5f9568f,1,3,5,3,3,5,5,5,6,2,5,2,5,5,3,6,3,3,2,5,5,4,3,5,6,1,24,6,19,1,1,5,2,7,22,24,24,133,60,10,16,21,20,17,43,60,23,48,41,27,4,600,,5/13/26 13:49,,1,0,22,22,3,1,0.93
357,,,affective_grid,interview,5/13/26 13:40,,69ebafd2ae7d2f41d44432d9,1,,,,,,,,,,,,,,,,,,,,,,,,,,24,5,,,2,,,9,4,12,6,16,,,,,,,,,,,,,,47,,5/13/26 13:40,,1,0,5,5,0,0,2.02
359,,,affective_grid,interview,5/13/26 13:40,There would be a moral element to using this system that wasn't included in this survey. <br><br>Best Wishes on your Survey.,655a97bf4d75ee9bf7ab0794,1,6,6,6,5,6,6,6,7,4,6,2,6,6,6,7,6,,,,,,7,7,6,2,24,1,16,5,1,6,6,13,21,23,51,102,8,11,24,10,14,5,13,18,25,21,,39,119,406,,5/13/26 13:48,,1,0,22,22,0,0,1.06
360,,,affective_grid,interview,5/13/26 13:40,I have enjoyed taking part in the study,69fb31e30418f19608fe6495,1,6,5,6,7,6,7,6,7,7,6,2,4,7,6,7,6,7,7,2,6,6,7,6,9,1,24,3,13,3,1,6,6,12,5,13,41,65,11,19,9,13,28,7,19,18,25,23,33,29,37,407,,5/13/26 13:46,,1,0,22,22,0,0,1.13
363,,,affective_grid,interview,5/13/26 13:40,,63039343fd5a2e6fb88d2c61,1,5,6,5,4,5,5,3,4,2,3,2,5,4,4,4,4,2,1,2,5,1,6,6,7,1,25,4,15,6,1,6,1,10,2,9,40,29,5,35,15,53,49,4,14,13,11,20,19,15,2,345,,5/13/26 13:45,,1,0,22,22,3,1,1.7
364,,,affective_grid,interview,5/13/26 13:40,,5d20f6cbc1dc1c0001162dd5,1,4,4,5,4,6,6,3,3,7,6,2,4,4,4,4,4,6,7,4,3,7,5,7,8,2,25,1,34,3,1,5,6,7,3,10,116,537,7,8,10,7,9,4,15,15,14,17,18,15,3,815,,5/13/26 13:53,,1,0,22,22,3,1,1.67
365,,,affective_grid,interview,5/13/26 13:40,,69e8d0e7c03f7caf324674e9,1,6,5,4,5,3,5,3,5,6,5,2,3,3,5,6,6,,,,,,7,2,8,2,26,2,26,5,1,6,3,24,23,21,141,179,17,26,43,20,22,12,32,44,77,39,,34,15,769,,5/13/26 13:53,,1,0,22,22,4,1,0.59
366,,,affective_grid,interview,5/13/26 13:40,None,69d75cf0a6aca6b968b6fca1,1,7,7,7,7,6,7,2,4,6,6,2,3,6,6,6,6,6,6,6,6,6,7,7,11,2,25,5,26,1,1,7,6,6,15,124,61,198,11,16,41,20,20,5,20,16,46,17,11,40,18,580,,5/13/26 13:51,,1,0,22,22,0,0,0.98
367,,,affective_grid,interview,5/13/26 13:40,,69e0212b70f9b527bb4a2e09,1,6,6,5,5,6,5,5,6,6,4,2,4,6,6,6,5,6,6,5,6,7,6,6,8,3,25,2,12,6,1,6,6,11,5,8,10,99,6,5,8,6,2,3,5,5,21,8,11,25,4,242,,5/13/26 13:44,,1,0,22,22,3,1,2.21
368,,,affective_grid,interview,5/13/26 13:40,,69d8dabcecbe2865242af4b7,1,,,,,,,,,,,,,,,,,,,,,,,,,,33,3,,,,,,167,4,17,13,,,,,,,,,,,,,,,43,,5/13/26 13:43,,0,0,4,4,0,0,1.42
369,,,affective_grid,interview,5/13/26 13:40,Great questions asked ,66b792a09354b3fa1a3c5af9,1,6,4,5,6,5,5,3,5,4,5,2,5,4,5,4,5,5,5,6,5,5,7,7,6,2,26,4,26,6,1,6,5,9,19,3,172,107,8,3,8,5,171,41,10,7,13,20,9,17,11,481,,5/13/26 13:50,,1,0,22,22,0,0,1.65
370,,,affective_grid,interview,5/13/26 13:40,,69d6019688cacadd3587396a,1,5,5,4,4,5,6,6,5,4,4,2,5,5,4,4,4,4,6,4,4,5,6,6,10,2,26,6,11,1,1,5,4,8,19,3,3,57,11,2,20,7,3,6,18,22,37,16,24,26,6,288,,5/13/26 13:45,,1,0,22,22,3,1,1.61
371,,,affective_grid,interview,5/13/26 13:40,,69fe8d0b1b03e0d3432cc2ac,1,5,5,6,3,5,5,3,6,5,3,2,5,3,5,6,5,5,5,2,3,6,5,5,4,1,26,5,14,6,1,5,5,8,8,6,27,124,9,4,12,10,11,5,33,25,27,19,34,30,2,394,,5/13/26 13:46,,1,0,22,22,3,1,1.54
372,,,affective_grid,interview,5/13/26 13:40,,69fe00b34adec4f226d8b9c4,1,6,3,5,5,6,6,3,5,6,6,2,6,3,6,4,6,6,6,4,6,6,5,6,9,2,25,6,20,1,1,7,2,4,4,22,65,117,12,8,7,64,29,8,29,51,18,30,22,25,3,518,,5/13/26 13:49,,1,0,22,22,3,1,1.24
373,,,affective_grid,interview,5/13/26 13:40,,66a276d13f40200c70c28109,1,4,6,2,5,3,5,3,5,1,2,2,6,3,1,6,5,2,2,4,6,1,5,6,4,1,27,6,14,4,1,6,1,19,3,24,25,71,7,17,8,13,26,6,17,17,17,111,24,35,4,444,,5/13/26 13:47,,1,0,22,22,3,1,1.33
374,,,affective_grid,interview,5/13/26 13:40,thanks,655386dc470f6217a78fec03,1,7,7,6,7,6,7,2,4,6,5,2,7,3,7,5,6,6,6,5,5,7,5,5,9,2,26,3,14,3,1,7,6,10,6,5,66,96,6,9,12,8,2,20,11,18,9,10,28,16,8,340,,5/13/26 13:46,,1,0,22,22,0,0,1.64
375,,,affective_grid,interview,5/13/26 13:40,,69de4400d1cf5083c48893b3,1,7,7,6,6,7,7,6,7,7,7,2,7,6,7,7,6,,,,,,7,7,10,3,27,5,25,5,1,6,6,22,53,22,90,133,52,10,28,21,15,61,14,18,32,21,,29,19,588,,5/13/26 13:51,,1,0,22,22,4,1,0.79
376,,,affective_grid,interview,5/13/26 13:40,I enjoyed completing this study ,69d5e9bc91feeaa37fc2899c,1,6,5,6,6,4,5,4,5,5,4,2,5,6,5,6,6,6,7,4,6,6,7,6,8,3,28,4,23,4,1,6,5,48,39,21,26,114,14,35,47,10,35,12,40,66,60,26,91,42,23,749,,5/13/26 13:53,,1,0,22,22,0,0,0.69
377,,,affective_grid,interview,5/13/26 13:40,This was knowledgeable study.,69ed0a7cbc81f631380a9ced,1,4,5,4,5,6,6,5,5,7,6,2,7,7,6,6,5,7,6,7,7,6,7,5,8,3,27,2,34,6,1,3,1,12,21,49,212,212,48,19,54,14,42,57,37,59,60,64,32,78,34,1056,,5/13/26 13:58,,1,0,22,22,0,0,0.46
378,,,affective_grid,interview,5/13/26 13:40,,6736da52a7c6b58f513efb69,1,,,,,,,,,,,,,,,,,,,,,,,,,,35,3,,,1,7,,199,66,378,13,241,24,129,,,,,,,,,,,,324,,5/13/26 13:58,,0,0,8,8,0,0,0.59
379,,,affective_grid,interview,5/13/26 13:40,I enjoy the survey easy to understand ,69de6fb713b29ac3ccb758af,1,6,7,6,4,5,6,3,3,7,5,2,3,6,5,4,6,5,7,5,4,7,5,6,9,3,27,1,37,2,1,4,6,5,31,29,116,194,122,37,98,67,55,8,44,57,132,49,59,105,55,1152,,5/13/26 14:01,,1,0,22,22,0,0,0.47
380,,,affective_grid,interview,5/13/26 13:40,,66fc53d11e60723c3c9acf8d,1,7,7,5,2,5,7,3,2,4,5,2,4,5,5,6,7,3,4,4,5,4,7,6,8,2,27,4,16,1,1,6,1,4,5,20,52,74,9,14,41,8,15,7,18,16,17,16,26,19,3,364,,5/13/26 13:46,,1,0,22,22,3,1,1.38
381,,,affective_grid,interview,5/13/26 13:40,,5f632eba01d0853da2464c44,1,7,3,5,6,3,6,3,5,5,4,2,6,6,6,6,7,6,6,2,5,7,7,6,5,1,27,3,15,1,1,5,6,5,8,26,50,73,8,7,11,7,16,5,29,20,17,18,21,23,2,346,,5/13/26 13:46,,1,0,22,22,3,1,1.47
382,,,affective_grid,interview,5/13/26 13:40,,69f88be0f193ae629046cb6c,1,2,7,7,6,6,6,2,2,6,6,2,7,2,6,4,3,,,,,,3,6,11,2,28,1,17,5,1,6,7,6,4,7,28,117,42,8,9,9,11,5,16,18,24,23,,29,4,360,,5/13/26 13:46,,1,0,22,22,4,1,1.53
383,,,affective_grid,interview,5/13/26 13:40,,69a76306cbd439e44eae56de,1,6,5,6,5,7,7,6,7,2,6,2,3,6,4,7,6,,,,,,6,6,9,2,28,2,34,5,1,5,5,18,6,5,145,221,14,28,110,35,85,14,36,52,42,31,,51,4,897,,5/13/26 13:55,,1,0,22,22,4,1,0.77
384,,,affective_grid,interview,5/13/26 13:41,,69d602bc0525d59858e0da91,1,,,,,,,,,,,,,,,,,,,,,,,,,,29,3,,,1,6,,32,64,92,222,354,23,42,96,34,,,,,,,,,,901,,5/13/26 13:56,,0,0,10,10,0,0,0.28
385,,,affective_grid,interview,5/13/26 13:41,Not sure what the question regarding TV programs was in relation to - I very rarely watch live TV.,669932af4a4248435cdd8aef,1,3,6,5,3,5,6,3,6,5,5,2,7,6,6,5,2,6,6,1,6,5,5,4,5,1,28,3,31,3,1,6,7,6,18,57,243,154,13,13,45,16,26,10,24,18,19,27,27,28,32,776,,5/13/26 13:54,,1,0,22,22,0,0,0.81
386,,,affective_grid,interview,5/13/26 13:41,,69daa62efcd5dd690bbd1cd1,1,1,7,7,6,7,6,1,4,3,7,2,1,2,1,6,7,1,6,7,7,4,7,7,11,2,29,2,27,3,1,1,1,20,7,50,38,232,42,19,22,18,15,29,42,24,65,95,111,46,6,881,,5/13/26 13:55,,1,0,22,22,3,1,0.69
388,,,affective_grid,interview,5/13/26 13:41,GREAT SURVEY,69e40ceb5267b53c3fd1c6fa,1,7,6,6,5,5,3,2,4,3,5,2,6,5,3,4,6,,,,,,7,6,9,3,30,2,33,5,1,3,1,37,7,60,65,234,35,30,67,62,33,30,34,67,53,82,,31,20,947,,5/13/26 13:56,,1,0,22,22,0,0,0.47
390,,,affective_grid,interview,5/13/26 13:41,,69fca56e517fcaaa5b3ffb24,1,6,6,6,4,6,6,5,5,3,5,2,6,6,5,5,6,5,3,5,6,5,6,6,7,2,28,6,17,6,1,6,2,5,3,21,47,85,9,6,22,11,11,11,17,24,18,21,23,22,5,361,,5/13/26 13:47,,1,0,22,22,3,1,1.34
391,,,affective_grid,interview,5/13/26 13:41,,6a00ac267ebba2d220640cd0,1,7,6,6,6,6,7,6,4,5,5,2,6,5,6,4,6,5,6,3,6,6,7,5,4,2,29,1,14,2,1,7,6,4,2,5,25,70,11,10,7,7,13,5,12,24,18,16,19,16,3,267,,5/13/26 13:45,,1,0,22,22,3,1,1.9
392,,,affective_grid,interview,5/13/26 13:41,,5eff6065cc8d32014292657f,1,7,6,3,6,6,5,3,5,3,3,2,6,6,6,7,7,5,3,2,5,4,5,5,7,2,29,4,13,2,1,6,1,11,2,9,39,25,5,6,17,5,15,9,27,18,15,36,21,13,4,277,,5/13/26 13:46,,1,0,22,22,3,1,1.72
393,,,affective_grid,interview,5/13/26 13:41,It was an nteresting survey.,674620795259ea182ac1e2b5,1,3,6,6,3,6,6,6,6,6,6,2,6,6,6,6,4,6,6,2,5,6,6,6,10,1,30,1,41,4,1,6,6,23,108,179,252,276,19,24,15,17,25,10,45,21,36,20,43,29,17,897,,5/13/26 14:00,,1,0,22,22,0,0,0.67
394,,,affective_grid,interview,5/13/26 13:41,,5bd2a0799afb5b00015be460,1,6,5,5,6,6,6,3,7,5,6,2,3,5,6,7,3,,,,,,6,5,4,1,30,5,22,5,1,7,5,20,31,16,50,104,11,15,21,32,16,32,15,19,22,21,,61,5,491,,5/13/26 13:49,,1,0,22,22,4,1,0.94
395,,,affective_grid,interview,5/13/26 13:41,,654bacb9465eb379fb5b7f3f,1,5,5,4,5,5,5,5,5,4,4,2,5,5,5,5,5,5,5,5,5,5,6,3,3,1,29,5,13,1,1,5,6,5,13,27,6,51,4,3,9,8,11,4,12,8,10,7,6,17,1,202,,5/13/26 13:44,,1,0,22,22,3,1,2.21
396,,,affective_grid,interview,5/13/26 13:41,,69e7562d3d891f6d777627e2,1,5,5,5,3,5,5,4,3,3,5,2,4,4,5,3,5,3,3,4,3,3,3,5,7,1,30,4,13,4,1,6,2,3,1,2,10,33,5,5,25,6,10,8,13,20,18,14,24,30,7,234,,5/13/26 13:45,,1,0,22,22,3,1,1.96
397,,,affective_grid,interview,5/13/26 13:41,I think that these type of reports can be a good base and to be a guide but i wouldn't trust it as my whole evaluation. Data has no nuance.,69f7e812b1abc5db9b1d0eac,1,6,6,5,6,6,6,6,4,3,4,2,5,4,6,5,6,3,2,4,4,3,6,4,6,1,31,4,25,6,1,5,1,25,14,10,48,181,11,9,44,11,28,11,26,38,33,32,26,39,73,594,,5/13/26 13:52,,1,0,22,22,0,0,0.83
398,,,affective_grid,interview,5/13/26 13:41,,5b50881a59119400018abaf3,1,5,7,2,1,6,7,2,3,1,7,2,7,2,7,3,5,2,1,3,7,1,7,6,5,1,30,6,25,1,1,7,1,4,11,17,61,232,5,10,7,18,18,5,17,18,11,13,18,11,2,478,,5/13/26 13:49,,1,0,22,22,3,1,1.62
399,,,affective_grid,interview,5/13/26 13:41,,63d3fada47de3a294210f997,1,6,6,6,5,3,6,5,7,6,5,2,4,3,6,5,6,5,6,2,5,6,6,6,6,2,30,3,16,3,1,6,6,3,3,20,49,56,5,9,20,8,13,5,13,15,18,22,21,17,3,300,,5/13/26 13:46,,1,0,22,22,3,1,1.67
400,,,affective_grid,interview,5/13/26 13:41,"The automated system provided highly detailed metrics, but since the supervisor labeled the resulting report as 'highly inaccurate,' it demonstrates that AI tools cannot yet replace human judgment in performance management.No further comments. Thanks for the opportunity to participate.",69e8ccd6b0aa94138ddc8a34,1,7,7,1,1,1,6,1,7,1,1,2,7,1,1,7,7,1,1,1,7,1,7,6,8,3,33,6,51,2,1,6,1,70,149,29,96,475,265,80,2226,501,78,73,57,76,161,64,80,153,247,1098,,5/13/26 15:03,,1,0,22,22,0,0,0.23
402,,,affective_grid,interview,5/13/26 13:41,"The PA system produces reliable and clear reports , it reduces workload, but it can be improved by making its reasoning more transparent",69e7864e04fa4eede81abedd,1,6,5,6,5,6,6,6,4,7,6,2,6,5,7,6,6,7,7,2,6,7,6,6,8,3,31,5,36,6,1,7,7,9,3,17,177,166,20,16,180,59,19,13,27,61,64,54,61,51,99,849,,5/13/26 14:00,,1,0,22,22,0,0,0.64
403,,,affective_grid,interview,5/13/26 13:41,,6748aaca953626ea90f8dda8,1,6,6,2,6,3,6,2,4,4,2,2,2,6,5,6,5,6,6,6,6,6,6,6,8,2,31,1,30,3,1,4,6,13,8,68,268,126,9,16,10,10,12,15,39,63,55,39,65,53,4,873,,5/13/26 13:56,,1,0,22,22,3,1,0.87
404,,,affective_grid,interview,5/13/26 13:42,,69d8e49b98b0aa3fdeee58a0,1,7,3,6,6,6,6,4,6,5,5,2,6,6,6,6,6,6,7,6,6,6,7,7,9,2,31,3,41,1,1,6,6,17,38,61,171,437,44,38,70,20,15,39,79,23,29,14,22,51,33,1201,,5/13/26 14:02,,1,0,22,22,3,1,0.6
405,,,affective_grid,interview,5/13/26 13:42,,69df8b17babf9d766cb78eb8@email.prolific.com,1,6,7,7,6,6,6,7,7,6,6,2,7,7,6,7,6,7,6,7,7,7,7,6,11,3,32,4,42,2,1,6,7,13,50,76,179,407,58,38,151,23,69,38,43,72,115,65,60,77,31,1565,,5/13/26 14:08,,1,0,22,22,3,1,0.33
406,,,affective_grid,interview,5/13/26 13:42,"Quite a well laid out program and some good thought provking questions on the dangers of automated reports and how others may percieve it which may get you questioned as a manager if we soley follow autoation. I think the overall layout was good but perhaps to much information given to check over, highlighting the key points would work better or some questions about the amount of contents on the AI system would be useful. ",6a020d4035f5b4887d34f8bf,1,6,7,5,2,6,3,2,4,1,5,2,1,6,7,5,6,1,1,4,6,1,6,5,11,2,31,6,19,4,1,7,1,3,8,14,41,70,5,7,20,20,17,6,17,18,50,20,24,22,89,370,,5/13/26 13:49,,1,0,22,22,0,0,1.3
407,,,affective_grid,interview,5/13/26 13:42,,69f0a3fd0d47cea8a95f0ab5,1,5,5,5,3,6,6,5,5,5,5,2,3,6,5,6,6,5,5,4,2,6,6,5,4,2,32,5,27,6,1,3,6,4,16,41,78,126,11,65,14,13,22,12,26,36,31,33,38,20,3,589,,5/13/26 13:52,,1,0,22,22,3,1,1
408,,,affective_grid,interview,5/13/26 13:42,"No issues, thank you",5a9fa90f873cda00010d29d8,1,6,7,7,2,6,6,1,7,6,7,2,6,2,6,6,5,6,6,2,7,6,6,6,9,1,32,2,22,4,1,7,1,6,3,25,17,87,15,7,64,33,11,8,18,19,27,26,26,36,9,437,,5/13/26 13:49,,1,0,22,22,0,0,1.2
409,,,affective_grid,interview,5/13/26 13:42,,563f734bcbd4c60005dc9442,1,2,6,6,4,6,5,2,2,4,6,2,4,2,5,4,2,5,4,3,6,4,6,5,8,2,32,3,17,4,1,5,6,5,10,15,33,41,6,5,31,6,10,4,12,13,17,13,16,15,110,260,,5/13/26 13:48,,1,0,22,22,3,1,1.67
410,,,affective_grid,interview,5/13/26 13:42,"Useful insight into the possible future of leading teams, driven by data",63ced2ac873e8ce2bfbd9f0f,1,4,4,5,5,5,5,3,4,2,5,2,5,5,5,5,5,4,3,4,5,3,5,5,8,1,32,6,16,6,1,6,2,4,2,6,6,48,7,6,20,23,12,9,14,16,15,16,26,29,27,286,,5/13/26 13:47,,1,0,22,22,0,0,1.66
411,,,affective_grid,interview,5/13/26 13:42,"No, thank you",69a65ea91d6f5041d8312205,1,2,2,6,6,6,6,2,2,6,6,2,2,2,6,6,2,,,,,,6,4,9,3,33,1,31,5,1,6,6,19,5,41,139,137,30,25,56,19,27,44,25,40,49,63,,107,17,843,,5/13/26 13:56,,1,0,22,22,0,0,0.55
413,,,affective_grid,interview,5/13/26 13:42,,69e80a9880c6354761e34aa9,1,,,,,,,,,,,,,,,,,,,,,,,,,,32,1,,,,,,8,1,276,,,,,,,,,,,,,,,,28,,5/13/26 13:47,,0,0,3,3,0,0,1.4
414,,,affective_grid,interview,5/13/26 13:42,,69e20c578a10512742dacbe0,1,5,7,5,7,5,7,5,5,7,3,2,7,5,7,5,7,,,,,,5,3,11,1,33,4,32,5,1,7,3,8,14,34,86,170,10,28,104,19,34,11,82,26,63,32,,58,3,782,,5/13/26 13:55,,1,0,22,22,4,1,0.75
415,,,affective_grid,interview,5/13/26 13:42,"♡ lovely survey, thank you so much x pretti x ♡",604fa685e33606f9a0ee8189,1,5,5,6,5,6,7,5,5,6,6,2,2,7,6,5,5,6,6,2,5,6,5,6,6,2,34,5,31,6,1,6,6,33,12,55,138,121,21,34,18,16,49,13,36,74,38,27,27,18,22,752,,5/13/26 13:55,,1,0,22,22,0,0,0.66
416,,,affective_grid,interview,5/13/26 13:43,,69dd6ad13b039a859ddf8d61,1,5,6,7,6,6,6,6,5,7,6,2,7,5,7,6,6,6,6,5,7,6,6,5,6,1,34,3,28,3,1,7,6,28,6,42,64,167,11,11,37,11,18,20,26,22,21,76,37,23,5,625,,5/13/26 13:53,,1,0,22,22,3,1,0.87
417,,,affective_grid,interview,5/13/26 13:43,,69fc365d8473e80b21d3433b,1,5,3,6,3,6,4,3,5,5,5,2,4,3,5,5,5,6,6,3,5,6,5,5,8,2,33,5,20,2,1,6,6,12,5,11,33,53,10,9,14,15,9,7,10,27,22,19,24,21,2,303,,5/13/26 13:48,,1,0,22,22,3,1,1.49
418,,,affective_grid,interview,5/13/26 13:43,,5f44021f15c23f6e8e413b91,,,,,,,,,,,,,,,,,,,,,,,,,,,37,1,,,,,,119,92,,,,,,,,,,,,,,,,,15,,5/13/26 13:46,,0,0,2,2,0,0,0.07
419,,,affective_grid,interview,5/13/26 13:43,,69ea127be7c58529e1ee223a,1,3,6,5,2,5,5,2,1,1,4,2,5,2,1,1,3,1,1,5,7,1,7,4,5,1,34,6,38,4,1,7,1,12,22,10,114,281,98,17,26,30,10,6,34,17,17,18,25,21,2,673,,5/13/26 13:55,,1,0,22,22,3,1,1.1
420,,,affective_grid,interview,5/13/26 13:43,,6a019e6b8da7695beb0edc1b,1,6,6,5,5,5,5,3,6,1,2,2,5,3,1,6,6,2,1,2,6,1,7,6,5,1,33,2,20,3,1,6,1,3,4,4,34,41,10,12,25,8,21,9,21,20,24,27,27,22,2,314,,5/13/26 13:48,,1,0,22,22,3,1,1.55
421,,,affective_grid,interview,5/13/26 13:43,"I'm not a fan of this in general, I think it's a really impersonal way of doing things.",5a47473899311d0001df550e,1,5,3,3,5,3,5,6,3,5,4,2,3,6,4,5,5,3,4,3,5,4,6,3,3,2,34,1,23,2,1,6,6,4,3,29,48,62,7,7,36,8,9,4,18,21,21,18,31,17,21,364,,5/13/26 13:49,,1,0,22,22,0,0,1.42
422,,,affective_grid,interview,5/13/26 13:43,"It was not clear if I was thinking as myself, or in the shoes of the person writing the report",69fe00a4ae54ed337ee93fcf,1,5,4,3,5,5,5,5,5,3,5,2,5,5,5,7,5,5,3,1,4,3,2,5,4,2,34,2,24,1,1,5,3,8,2,13,43,104,7,12,26,14,16,5,26,23,22,17,23,24,35,420,,5/13/26 13:50,,1,0,22,22,0,0,1.25
423,,,affective_grid,interview,5/13/26 13:43,,69f22c1fa4c3cb34d40d3bc6,1,3,2,3,5,3,5,2,3,3,3,2,2,5,5,3,2,4,3,2,5,3,6,5,9,1,35,6,36,2,1,7,3,9,57,109,118,122,10,12,42,47,45,9,15,27,31,35,35,22,5,699,,5/13/26 13:56,,1,0,22,22,3,1,0.8
424,,,affective_grid,interview,5/13/26 13:43,Dashboards are great but they do not measure effort and/or complexity of a task. thank you,69fdfa3fa39f1d2367a4cbd1,1,7,7,7,3,5,7,7,7,3,6,2,2,6,7,5,7,5,5,1,7,4,1,4,2,1,34,4,28,1,1,7,5,5,10,14,71,103,9,7,68,31,32,23,31,26,35,25,33,46,40,609,,5/13/26 13:53,,1,0,22,22,0,0,0.85
425,,,affective_grid,interview,5/13/26 13:43,,6a021b24b10b801cccd438ac,1,5,6,4,6,3,5,3,4,3,3,3,6,5,3,4,5,,,,,,,,,,35,4,19,5,1,6,3,5,4,8,38,35,8,8,7,4,20,14,20,26,27,32,,,,256,,5/13/26 13:47,,1,0,14,17,0,0,1.62
426,,,affective_grid,interview,5/13/26 13:43,,595fd893a670a10001941bf9,1,6,7,7,7,7,7,5,4,6,7,2,1,7,6,4,6,6,6,6,6,6,6,6,7,1,35,1,19,3,1,6,6,4,2,3,36,33,4,8,15,8,11,3,8,12,13,13,12,10,4,199,,5/13/26 13:47,,1,0,22,22,3,1,2.27
428,,,affective_grid,interview,5/13/26 13:43,,66d31a1b0515fe747830bab9,1,6,6,5,6,4,3,6,5,3,5,2,6,7,4,5,6,4,2,3,6,2,6,4,7,2,35,2,19,6,1,6,5,8,3,9,12,41,7,11,7,11,17,9,22,24,18,27,225,28,4,286,,5/13/26 13:51,,1,0,22,22,3,1,1.51
429,,,affective_grid,interview,5/13/26 13:43,,69da5aa8ad6e1bc7b86a8b92,1,,,,,,,,,,,,,,,,,,,,,,,,,,36,4,,,,,,8,20,28,88,,,,,,,,,,,,,,,144,,5/13/26 13:46,,0,0,4,4,0,0,0.69
430,,,affective_grid,interview,5/13/26 13:43,,6a01ecda3404a010fb4e8c5a,1,5,5,6,4,5,5,3,4,4,5,2,6,5,5,5,4,3,3,3,3,4,6,6,6,1,36,6,25,3,1,7,2,10,2,5,42,114,7,6,20,14,14,6,15,17,19,24,22,16,3,356,,5/13/26 13:49,,1,0,22,22,3,1,1.59
431,,,affective_grid,interview,5/13/26 13:44,I have no additional thoughts or feedback.,69f1f0bf3327633ab872476d,1,6,6,6,6,6,7,6,7,2,2,2,2,7,2,7,6,6,3,2,2,3,7,6,7,2,36,2,36,3,1,7,2,29,40,55,137,138,17,26,39,20,35,18,34,35,54,48,57,60,85,850,,5/13/26 13:59,,1,0,22,22,0,0,0.49
432,,,affective_grid,interview,5/13/26 13:44,,69dcbb7abf1e1fc69f8f91d6,1,7,7,6,7,6,6,6,7,7,5,3,5,7,7,7,6,6,6,1,6,7,,,,,36,1,30,4,1,7,7,9,8,16,88,62,38,102,12,13,28,6,57,56,48,40,102,,,595,,5/13/26 13:55,,1,0,17,18,0,0,0.82
433,,,affective_grid,interview,5/13/26 13:44,No,69e475cef8621ab0e297ef76,1,5,7,7,6,7,7,7,6,7,6,2,6,7,7,6,6,7,7,6,5,6,6,7,6,2,37,4,30,2,1,7,7,29,7,15,10,192,23,4,39,26,23,7,10,17,67,111,10,66,14,670,,5/13/26 13:55,,1,0,22,22,0,0,1.15
434,,,affective_grid,interview,5/13/26 13:44,,67c4c8f9fa9ba2b8a265b2f4,1,6,7,7,5,7,7,2,2,7,7,2,5,3,7,4,2,7,7,3,7,7,7,7,5,2,36,3,22,2,1,7,7,5,3,5,46,24,5,5,8,4,8,5,11,18,22,20,17,22,4,232,,5/13/26 13:48,,1,0,22,22,3,1,2.03
435,,,affective_grid,interview,5/13/26 13:44,,671bbaf1bec15d847b871b9b,1,2,7,6,2,6,7,2,5,6,6,2,7,2,2,6,2,6,6,2,7,6,6,2,8,1,36,5,27,2,1,2,6,8,5,18,10,96,15,12,13,18,56,6,23,25,34,25,22,28,4,418,,5/13/26 13:51,,1,0,22,22,3,1,1.2
436,,,affective_grid,interview,5/13/26 13:44,,5f0dafdb774977037b78d444,1,7,7,5,5,7,7,2,2,1,6,2,5,7,6,5,7,1,1,2,2,1,5,6,8,2,37,2,31,1,1,7,1,11,6,34,217,57,7,13,9,11,14,9,43,17,20,310,16,20,6,537,,5/13/26 13:58,,1,0,22,22,3,1,1.16
437,,,affective_grid,interview,5/13/26 13:44,"The study was clear and easy to follow. The dashboard provided detailed performance insights and the scenario felt realistic. Some metrics were complex at first, but the explanations helped make the PA system understandable overall.",69c16b869bbaf9f54a22ad6b,1,4,5,5,4,4,4,5,5,4,4,2,5,4,5,5,4,4,5,5,4,4,4,5,6,3,38,3,35,3,1,5,5,33,5,32,45,215,5,32,39,39,20,11,7,33,72,9,6,16,111,627,,5/13/26 13:56,,1,0,22,22,0,0,1.16
438,,,affective_grid,interview,5/13/26 13:44,,6995d5a5aa42072194394d2a,1,,,,,,,,,,,,,,,,,,,,,,,,,,37,6,,,1,6,,8,11,213,153,110,18,90,9,,,,,,,,,,,340,,5/13/26 13:55,,0,0,9,9,0,0,0.81
439,,,affective_grid,interview,5/13/26 13:44,"Fun study, thanks.",5ba292385301b80001c71ba2,1,3,6,7,7,6,6,5,3,6,2,2,2,5,6,6,2,6,7,2,6,7,6,6,11,2,37,5,32,1,1,7,6,16,5,143,103,40,4,7,64,7,7,5,16,18,17,16,16,19,292,387,,5/13/26 13:58,,1,0,22,22,0,0,1.41
440,,,affective_grid,interview,5/13/26 13:44,"Interesting Study, thank you for letting me take part.  :)",5bd6c7a7abc5ee00017a5928,1,3,3,4,3,7,7,2,3,6,4,2,2,3,6,4,2,,,,,,6,6,3,2,37,3,29,5,1,6,6,6,4,33,89,96,7,7,15,24,13,4,16,13,16,20,,19,22,404,,5/13/26 13:51,,1,0,22,22,0,0,1.31
442,,,affective_grid,interview,5/13/26 13:45,,691fac570f5670f43e5efb23,1,7,7,7,7,7,7,7,7,1,6,2,4,7,7,7,7,2,2,7,6,2,4,4,11,2,38,2,28,4,1,5,1,36,2,25,17,60,101,3,12,4,10,10,9,9,12,11,22,14,1,268,,5/13/26 13:51,,1,0,22,22,3,1,1.96
443,,,affective_grid,interview,5/13/26 13:45,no cooment,69f0bd80162888b7965b7eec,1,5,2,6,2,3,5,2,5,5,3,2,5,4,3,5,5,5,5,1,3,5,6,5,7,1,38,1,23,1,1,6,7,8,2,2,9,41,12,7,9,11,16,9,24,19,17,42,24,22,14,288,,5/13/26 13:50,,1,0,22,22,0,0,1.58
444,,,affective_grid,interview,5/13/26 13:45,,69d56e77c9c23b286c91059e,1,6,7,6,6,6,6,3,7,1,6,2,7,6,3,7,7,3,1,2,4,2,6,7,9,2,38,6,30,6,1,7,1,9,2,3,73,115,11,19,32,28,32,15,23,70,33,40,31,49,12,597,,5/13/26 13:55,,1,0,22,22,3,1,0.98
445,,,affective_grid,interview,5/13/26 13:45,,63e59ee5226fa6bbe1be8ecf,1,2,6,5,5,5,6,5,6,7,5,2,2,5,6,6,2,6,7,2,5,7,6,4,5,2,40,3,37,1,1,6,7,95,2,18,184,112,10,9,20,5,21,3,22,37,17,14,20,24,2,529,,5/13/26 13:55,,1,0,22,22,3,1,1.45
447,,,affective_grid,interview,5/13/26 13:45,,69becb435c5d162e6570e114,1,6,6,6,4,7,7,4,7,2,1,2,7,6,6,7,6,4,1,1,4,1,1,2,3,1,38,4,34,2,1,6,1,8,19,31,84,158,17,11,26,11,21,15,27,36,32,30,30,25,6,587,,5/13/26 13:55,,1,0,22,22,3,1,0.85
448,,,affective_grid,interview,5/13/26 13:45,,69d75cf0a6aca6b968b6fca1,1,,,,,,,,,,,,,,,,,,,,,,,,,,39,3,,,,,,8,4,6,6,,,,,,,,,,,,,,,24,,5/13/26 13:46,,0,0,4,4,0,0,2.16
450,,,affective_grid,interview,5/13/26 13:46,,6972703f26e497fadbfae9e4,1,,,,,,,,,,,,,,,,,,,,,,,,,,39,5,33,1,1,5,4,8,3,5,5,104,20,5,26,148,8,12,,,,,,,,210,,5/13/26 13:51,,0,0,12,12,0,0,1.56
451,,,affective_grid,interview,5/13/26 13:46,,69f39eae4d3327c43c215a8d,1,5,6,5,3,6,5,3,5,5,3,2,6,3,5,5,6,3,5,3,5,4,5,4,7,1,39,2,40,3,1,6,5,22,9,296,51,143,8,15,59,9,11,9,24,33,46,37,45,31,7,578,,5/13/26 14:00,,1,0,22,22,3,1,0.85
452,,,affective_grid,interview,5/13/26 13:46,,6a01ddb19a96f6791c7606c1,1,2,7,5,5,2,7,1,6,4,3,2,2,5,6,6,2,5,3,2,5,3,6,2,8,1,39,6,33,3,1,7,2,9,2,3,6,51,20,2,98,54,69,21,24,33,367,46,52,23,4,541,,5/13/26 14:01,,1,0,22,22,3,1,1.26
453,,,affective_grid,interview,5/13/26 13:46,,6710a58eeff954cb2243950e,1,6,2,6,6,6,6,2,3,6,6,2,3,3,6,7,6,7,7,7,7,7,6,6,9,3,39,1,42,4,1,7,6,8,27,146,88,48,331,20,22,11,8,4,14,11,17,15,16,11,4,354,,5/13/26 14:00,,1,0,22,22,3,1,1.39
454,,,affective_grid,interview,5/13/26 13:46,,69d5369a9b710dfeade32924,1,,,,,,,,,,,,,,,,,,,,,,,,,,41,1,,,1,6,,42,47,41,163,323,11,33,,,,,,,,,,,,660,,5/13/26 13:57,,0,0,8,8,0,0,0.41
455,,,affective_grid,interview,5/13/26 13:46,,69e7a23adb7bd49a6c44a3cf,1,,,,,,,,,,,,,,,,,,,,,,,,,,39,4,,,1,7,,11,9,47,96,102,7,18,34,,,,,,,,,,,324,,5/13/26 13:52,,0,0,9,9,0,0,0.8
456,,,affective_grid,interview,5/13/26 13:46,None,5eac3b9d594017087b3788af,1,7,7,6,5,6,7,5,6,4,7,2,6,6,6,5,7,2,4,5,6,4,5,6,8,2,40,2,32,4,1,6,1,17,4,51,48,67,8,13,26,9,27,5,15,17,22,14,28,18,6,395,,5/13/26 13:53,,1,0,22,22,0,0,1.23
462,,,affective_grid,interview,5/13/26 13:46,It's a great study!,69fd3fd84f34af943080ea0f,1,6,7,5,6,6,7,5,6,7,6,2,6,6,7,7,6,6,7,5,6,6,7,6,9,3,40,4,31,2,1,6,6,11,3,13,66,58,10,32,11,9,41,9,16,20,23,22,19,34,29,426,,5/13/26 13:53,,1,0,22,22,0,0,1.16
463,,,affective_grid,interview,5/13/26 13:46,,69f86c159759ed0f53ddc85a,1,5,6,6,6,6,7,7,6,6,7,6,6,6,6,6,6,,,,,,,,,,41,4,37,5,1,6,1,42,8,14,48,134,34,11,57,11,24,59,9,9,8,14,,,,432,,5/13/26 13:54,,1,0,14,17,0,0,1.23
464,,,affective_grid,interview,5/13/26 13:46,,6817599e23a975b3a1fcaa79,1,6,6,6,5,6,6,3,5,6,6,2,5,5,6,6,6,6,6,2,6,6,6,4,6,3,40,5,38,2,1,7,7,11,12,80,10,150,38,23,57,36,15,15,24,32,39,23,32,90,6,693,,5/13/26 13:58,,1,0,22,22,3,1,0.82
465,,,affective_grid,interview,5/13/26 13:46,,69ee92299545b50c5089827d,1,6,6,6,5,6,6,5,5,6,4,2,4,4,5,6,5,6,6,6,5,6,6,6,11,2,41,2,32,3,1,6,6,35,3,5,6,108,29,14,22,20,14,67,11,12,204,37,10,22,4,385,,5/13/26 13:57,,1,0,22,22,3,1,1.36
466,,,affective_grid,interview,5/13/26 13:46,,6642690a93cc7510324fc235,1,,,,,,,,,,,,,,,,,,,,,,,,,,40,1,,,3,,,8,4,5,5,30,,,,,,,,,,,,,,52,,5/13/26 13:47,,1,0,5,5,0,0,2.33
467,,,affective_grid,interview,5/13/26 13:47,,675e06422af6e9cb4bcbd459,1,6,6,5,5,5,5,2,4,2,6,2,6,5,5,4,5,2,1,4,5,1,5,5,8,1,40,6,36,4,1,7,1,4,16,39,91,117,8,15,15,34,20,5,22,23,19,24,32,19,3,506,,5/13/26 13:55,,1,0,22,22,3,1,1.16
468,,,affective_grid,interview,5/13/26 13:47,Thank you for the survey! The last two questions were a little odd ,5dd9a7ff98981d926df9ea18,1,6,7,2,2,2,3,4,4,1,1,2,6,5,3,4,7,1,1,5,2,1,6,2,8,1,41,6,29,1,1,5,1,9,1,2,3,59,66,3,4,5,7,3,46,18,16,62,13,23,13,353,,5/13/26 13:53,,1,0,22,22,0,0,1.89
469,,,affective_grid,interview,5/13/26 13:47,none,69f669ce8ebd75c6be01e9dc,1,7,6,5,5,5,5,3,5,6,5,2,3,6,5,6,5,5,5,2,2,6,6,5,5,2,41,5,34,4,1,6,3,6,14,31,49,87,10,16,13,28,18,17,22,41,48,29,67,37,14,547,,5/13/26 13:56,,1,0,22,22,0,0,0.86
470,,,affective_grid,interview,5/13/26 13:47,,5d7ff85ffec5620017b07c40,1,7,6,6,5,6,7,7,5,7,6,2,5,6,7,4,7,6,7,3,6,7,6,4,4,1,41,3,42,6,1,7,7,15,5,9,156,156,30,9,263,43,9,5,57,46,20,15,71,64,10,744,,5/13/26 14:03,,1,0,22,22,3,1,0.92
471,,,affective_grid,interview,5/13/26 13:47,No extra comment but the survey was easy to navigate,668a19f1edd91f3ef0a55fe2,1,6,7,6,3,6,7,2,4,7,6,2,5,2,7,4,5,6,7,5,6,7,6,4,9,2,42,1,45,4,1,6,7,71,236,58,25,352,91,37,78,56,14,43,56,52,63,48,59,66,44,1077,,5/13/26 14:11,,1,0,22,22,0,0,0.47
472,,,affective_grid,interview,5/13/26 13:47,,69fda8ba359152fd74badf54,1,2,7,7,5,7,1,7,7,7,7,2,7,5,5,7,2,7,7,1,5,7,7,7,8,1,42,3,29,2,1,6,7,5,3,6,12,58,7,5,10,5,5,4,16,15,15,19,18,13,3,219,,5/13/26 13:51,,1,0,22,22,3,1,2.12
473,,,affective_grid,interview,5/13/26 13:48,,69ee6b1a7bf3b2b68873cb89,1,6,6,6,6,6,6,6,6,5,6,2,5,6,6,6,6,,,,,,6,6,8,3,42,4,35,5,1,6,6,23,15,32,62,43,9,17,26,14,9,6,15,21,21,20,,37,6,376,,5/13/26 13:54,,1,0,22,22,4,1,1.13
474,,,affective_grid,interview,5/13/26 13:48,,69fdafd8432ad1654e042031,1,6,6,2,2,7,7,6,6,2,2,2,1,5,3,7,7,2,2,1,2,3,3,6,7,1,42,6,35,1,1,6,5,6,3,3,65,103,18,13,9,9,24,9,22,27,23,21,35,20,1,411,,5/13/26 13:55,,1,0,22,22,3,1,1.4
475,,,affective_grid,interview,5/13/26 13:48,,64137637072cad5ece2ec192,1,6,5,2,4,3,6,5,5,6,2,2,5,6,6,5,6,6,6,4,5,6,7,5,7,2,42,5,37,6,1,6,6,14,7,30,63,93,6,10,25,17,19,6,18,22,21,18,23,28,3,423,,5/13/26 13:55,,1,0,22,22,3,1,1.18
476,,,affective_grid,interview,5/13/26 13:48,nothing thanks,697a8f0105cbab23fe7697f6,1,6,3,6,4,2,5,2,4,2,4,2,2,4,4,5,6,3,3,4,3,2,6,4,6,1,42,2,35,2,1,5,2,5,17,4,119,40,4,11,8,7,12,5,14,17,19,23,18,17,13,353,,5/13/26 13:54,,1,0,22,22,0,0,1.64
477,,,affective_grid,interview,5/13/26 13:48,,6a042d9260c03aa95f88992e,1,6,7,6,3,6,6,3,3,2,5,2,3,5,2,6,6,2,2,2,5,2,7,6,6,2,43,6,39,3,1,6,2,17,112,16,55,135,10,3,18,13,16,10,19,21,121,59,28,23,3,573,,5/13/26 14:00,,1,0,22,22,3,1,1.11
478,,,affective_grid,interview,5/13/26 13:49,,69f63f20d4dbb88fa27fb684,1,6,4,4,6,6,6,2,1,7,5,2,4,1,6,7,6,7,7,3,6,7,7,6,11,3,43,4,39,6,1,6,2,9,3,3,3,239,13,23,50,13,36,18,31,56,38,24,49,73,14,695,,5/13/26 14:00,,1,0,22,22,3,1,0.99
479,,,affective_grid,interview,5/13/26 13:49,,5fe672b9c3fd05cad8c51937,1,,,,,,,,,,,,,,,,,,,,,,,,,,44,3,,,3,,,38,3,7,11,43,,,,,,,,,,,,,,102,,5/13/26 13:50,,1,0,5,5,0,0,2.06
480,,,affective_grid,interview,5/13/26 13:49,,69e8ce6b8f432b93b37f9252,1,6,6,2,4,3,5,5,4,3,3,2,4,4,2,6,5,4,2,3,4,3,6,6,6,2,43,2,34,1,1,7,3,4,2,4,6,58,7,6,51,13,17,7,20,65,17,24,60,18,3,382,,5/13/26 13:55,,1,0,22,22,3,1,1.62
481,,,affective_grid,interview,5/13/26 13:49,,6a0317aa586c222fcfc855b3,1,6,7,7,7,3,6,3,2,6,6,2,5,5,7,6,5,7,7,6,4,7,6,4,7,2,43,5,35,6,1,7,6,7,6,19,44,59,8,13,17,28,14,10,27,37,24,32,33,25,10,413,,5/13/26 13:56,,1,0,22,22,3,1,1.04
482,,,affective_grid,interview,5/13/26 13:49,Working professional is the best result,69da5aa8ad6e1bc7b86a8b92,1,4,6,4,5,4,4,4,6,4,4,2,4,6,6,6,4,4,5,4,4,4,7,6,11,3,43,1,31,4,1,5,5,10,1,15,3,6,24,11,12,10,5,9,48,68,52,31,51,42,42,440,,5/13/26 13:56,,1,0,22,22,0,0,1.31
483,,,affective_grid,interview,5/13/26 13:49,,69e39526ae7b889e9f681279,1,6,6,5,6,4,6,3,7,6,4,6,2,5,6,6,4,,,,,,,,,,43,3,38,5,1,3,5,8,5,14,32,69,13,16,35,21,29,6,43,67,83,48,,,,489,,5/13/26 13:57,,1,0,14,17,0,0,0.92
484,,,affective_grid,interview,5/13/26 13:49,,69d8dabcecbe2865242af4b7,1,7,7,7,7,7,7,7,7,1,7,2,1,7,7,7,7,7,1,1,7,1,7,7,6,3,44,2,41,6,1,7,1,55,22,72,9,154,29,21,43,21,17,28,18,32,22,24,39,25,5,636,,5/13/26 14:00,,1,0,22,22,3,1,0.86
485,,,affective_grid,interview,5/13/26 13:49,,5edbd2c61d9e420b6b420343,1,6,6,5,5,5,6,3,4,5,5,2,6,3,5,4,5,5,5,4,6,5,6,6,7,2,44,1,39,4,1,5,4,4,2,10,180,44,6,5,31,7,10,5,16,114,14,12,17,12,1,490,,5/13/26 13:57,,1,0,22,22,3,1,1.82
486,,,affective_grid,interview,5/13/26 13:49,,58404fd8ad98e40001ce915f,1,7,7,5,4,6,6,2,5,2,5,2,6,5,5,5,7,2,3,3,4,2,3,6,1,1,44,4,40,1,1,7,1,5,26,22,73,124,8,8,54,13,24,8,28,21,29,23,24,24,13,527,,5/13/26 13:58,,1,0,22,22,3,1,0.98
487,,,affective_grid,interview,5/13/26 13:49,I would be willing to actually participate and engage with the AI model to test various outcomes and report back on them if this was helpful to the research. it was interesting and it seemed like there was an imbalance in the overall workload here. ,69f38d3a5d1042981ba878c1,1,6,2,7,2,6,6,6,6,3,7,2,4,6,5,6,6,2,2,2,2,2,6,6,8,2,44,6,40,4,1,5,2,12,5,21,72,180,10,17,18,17,26,22,22,27,26,31,43,30,90,587,,5/13/26 14:01,,1,0,22,22,0,0,0.81
489,,,affective_grid,interview,5/13/26 13:49,,67740dc45be1bcdc911ee2fe,1,5,6,3,3,6,6,6,7,5,5,2,6,7,5,7,5,5,5,1,7,5,6,4,9,3,44,5,38,1,1,5,3,15,15,5,3,104,7,21,20,26,14,10,21,17,16,19,26,17,6,362,,5/13/26 13:56,,1,0,22,22,3,1,1.3
490,,,affective_grid,interview,5/13/26 13:50,,5ebeec710b1fd210d6912734,1,7,6,3,4,5,5,4,2,5,3,2,4,5,5,2,7,5,6,7,4,6,5,6,8,1,45,3,38,3,1,7,6,5,2,17,52,47,6,6,13,8,12,6,37,20,24,27,29,16,4,331,,5/13/26 13:56,,1,0,22,22,3,1,1.56
491,,,affective_grid,interview,5/13/26 13:50,"My issue with the PA system was it allows mnagers to hide behind the output, there is no place in it for context. I also feel tracking employees for every waking minute of their work day goes too far and would create a poor culture.",6a00dfe134e0ab13d92d258c,1,6,7,2,6,7,7,3,5,1,2,2,6,5,2,4,5,2,2,4,5,2,5,4,8,3,45,6,40,6,1,6,1,5,21,31,74,115,16,13,15,20,23,11,27,34,24,27,32,33,72,529,,5/13/26 14:00,,1,0,22,22,0,0,0.85
492,,,affective_grid,interview,5/13/26 13:50,N/A,69ddf81e110f69b18423505f,1,6,5,6,6,6,3,3,2,5,6,2,6,6,5,5,5,6,6,5,5,6,6,6,8,2,45,2,45,2,1,5,6,20,67,70,224,137,9,21,112,16,147,6,17,19,26,52,44,50,48,896,,5/13/26 14:08,,1,0,22,22,0,0,0.65
493,,,affective_grid,interview,5/13/26 13:50,,697a400388ff4bcd707cde8e,1,6,5,5,6,5,3,5,2,5,5,2,2,2,5,5,6,6,6,5,5,6,6,6,7,2,45,1,35,4,1,5,6,4,2,5,11,31,4,7,8,6,5,3,11,7,13,9,14,18,229,166,,5/13/26 13:57,,1,0,22,22,3,1,2.41
494,,,affective_grid,interview,5/13/26 13:51,No comments,69da42e5d1df49a733d07b57,1,7,7,5,6,6,6,7,7,6,6,2,4,7,7,6,6,6,7,2,7,7,6,4,9,3,45,5,44,3,1,7,6,8,23,88,147,252,15,12,47,45,31,12,29,37,74,42,71,93,21,1047,,5/13/26 14:08,,1,0,22,22,0,0,0.54
495,,,affective_grid,interview,5/13/26 13:51,,5f319edf7543f7087932aa98,1,6,6,4,3,4,5,3,6,2,3,2,2,3,3,5,5,,,,,,6,6,6,2,45,4,41,5,1,6,3,9,106,45,51,119,5,8,29,13,24,6,14,18,16,21,,24,5,413,,5/13/26 13:59,,1,0,22,22,4,1,1.16
496,,,affective_grid,interview,5/13/26 13:51,,5edb5fd0cee6c17e7069af09,1,6,6,5,6,5,5,6,6,5,5,2,5,7,6,6,6,6,5,3,5,5,7,7,4,1,46,1,39,2,1,5,6,22,4,32,53,57,29,15,10,7,9,5,12,15,17,13,15,23,3,341,,5/13/26 13:56,,1,0,22,22,3,1,1.53
499,,,affective_grid,interview,5/13/26 13:51,,69d9200e144d2db94dd332f7,1,6,5,6,7,3,7,4,4,6,2,2,2,6,4,4,6,4,5,3,7,5,6,6,10,3,46,3,44,2,1,6,6,25,105,41,85,162,63,8,56,60,54,75,32,142,165,33,66,71,16,953,,5/13/26 14:12,,1,0,22,22,3,1,0.45
500,,,affective_grid,interview,5/13/26 13:51,,69f1f123dd8c853f07e4b32d,1,2,6,5,2,3,6,2,2,5,2,2,6,2,6,5,2,5,5,2,2,5,2,6,8,3,46,5,39,1,1,6,6,10,5,16,48,70,16,7,8,10,15,5,17,20,24,15,20,20,5,331,,5/13/26 13:57,,1,0,22,22,3,1,1.41
501,,,affective_grid,interview,5/13/26 13:51,Thank you for this opportunity to share my honest opinion on this study. I have learnt about PA System and how it helps in employee performance grading. The questions are easy to understand.,6a0405f0fe7f803d7f706f91,1,6,6,6,6,6,7,6,6,6,5,2,2,6,6,7,7,6,5,2,5,7,7,6,10,1,46,2,43,4,1,2,2,10,16,47,93,121,34,29,86,25,52,14,129,45,145,26,96,70,122,939,,5/13/26 14:10,,1,0,22,22,0,0,0.46
502,,,affective_grid,interview,5/13/26 13:51,,602cc4e8166df75e2ff9d443,1,7,5,3,5,6,6,5,6,2,5,2,5,5,6,3,7,5,3,2,6,3,6,4,9,1,46,4,42,1,1,5,4,10,5,21,109,120,7,24,47,8,35,13,17,14,32,27,27,19,2,537,,5/13/26 14:00,,1,0,22,22,3,1,1.12
503,,,affective_grid,interview,5/13/26 13:51,,5c41e9263be7b70001fcf4ab,1,,,,,,,,,,,,,,,,,,,,,,,,,,46,6,,,-9,,,9,27,47,254,5,,,,,,,,,,,,,,342,,5/13/26 13:57,,0,0,5,5,33,33,0.97
504,,,affective_grid,interview,5/13/26 13:52,,69e6be4ea58b04f5174b8291,1,5,3,4,5,5,6,6,5,4,4,2,3,4,5,5,5,3,4,3,3,4,5,3,7,2,47,3,43,1,1,5,6,5,17,48,102,196,12,17,66,13,22,8,25,28,26,22,35,36,10,688,,5/13/26 14:03,,1,0,22,22,3,1,0.83
505,,,affective_grid,interview,5/13/26 13:52,,69fe4c986046e6c55dc47113,1,6,5,6,5,5,4,3,6,5,5,2,6,3,5,6,6,5,5,2,5,6,6,2,7,1,47,1,40,2,1,5,4,9,3,30,15,134,9,17,14,10,26,11,10,26,20,103,34,20,8,499,,5/13/26 14:00,,1,0,22,22,3,1,1.2
506,,,affective_grid,interview,5/13/26 13:52,,69e7a23adb7bd49a6c44a3cf,1,6,6,2,6,4,7,7,6,6,2,2,6,6,6,6,6,6,6,6,6,6,7,6,11,2,47,4,38,6,1,7,2,7,3,6,4,8,4,2,4,18,40,17,29,45,36,34,34,36,7,334,,5/13/26 13:58,,1,0,22,22,3,1,1.57
507,,,affective_grid,interview,5/13/26 13:53,"The study was interesting and the PA system seemed useful for improving efficiency and supporting management decisions. At the same time, I think transparency and privacy protection are important when using AI systems in the workplace.”",69d6553e138bc95053bcec1a,1,5,6,6,5,6,6,5,4,6,5,2,6,5,6,5,5,6,6,3,6,6,5,5,7,3,47,5,41,2,1,6,7,13,14,28,15,68,29,12,25,31,7,21,30,27,38,41,68,29,122,504,,5/13/26 14:03,,1,0,22,22,0,0,0.92
508,,,affective_grid,interview,5/13/26 13:53,,6a030cd9db8b21791032409c,1,7,3,6,5,3,6,7,6,4,5,2,3,5,5,5,7,,,,,,6,5,8,2,47,2,50,5,1,6,1,7,1,4,1291,185,9,8,20,5,11,8,15,17,16,22,,20,3,410,,5/13/26 14:20,,1,0,22,22,4,1,1.59
510,,,affective_grid,interview,5/13/26 13:53,,5d46c3ac090549001867b746,1,,,,,,,,,,,,,,,,,,,,,,,,,,47,6,,,,,,6,5,19,,,,,,,,,,,,,,,,30,,5/13/26 13:54,,0,0,3,3,0,0,1.23
511,,,affective_grid,interview,5/13/26 13:54,,69f49a66d73568923feb981d,1,6,3,6,3,5,6,5,6,6,6,2,4,5,6,7,6,5,6,3,3,6,6,6,6,1,48,3,42,3,1,6,6,10,2,26,61,53,9,23,14,10,14,6,35,79,20,57,42,20,5,486,,5/13/26 14:02,,1,0,22,22,3,1,1.19
512,,,affective_grid,interview,5/13/26 13:54,The survey is good ,69d53cc713141046cef8e659,1,6,7,6,5,2,5,3,5,4,5,2,4,5,7,5,6,6,7,6,5,6,6,7,7,2,48,6,43,6,1,4,4,16,12,18,96,159,17,18,18,18,25,12,49,53,81,55,63,40,20,770,,5/13/26 14:07,,1,0,22,22,0,0,0.64
513,,,affective_grid,interview,5/13/26 13:55,The People Analytics seems to be a very useful tool in a workplace.,69dae046bd05f28e74758578,1,5,7,7,7,6,7,2,7,7,7,2,4,7,7,7,6,7,7,2,7,7,7,7,11,2,48,1,48,2,1,7,7,8,14,36,163,99,19,253,182,19,34,9,26,39,61,37,42,96,46,784,,5/13/26 14:14,,1,0,22,22,0,0,0.57
514,,,affective_grid,interview,5/13/26 13:55,,60f6f802c0ede08f7cf69720,1,6,7,7,2,7,6,2,6,1,7,2,7,2,6,7,6,3,2,4,5,2,6,6,3,1,48,2,43,2,1,4,7,4,5,29,56,102,14,12,22,10,24,9,13,19,16,17,23,17,3,395,,5/13/26 14:02,,1,0,22,22,3,1,1.32
515,,,affective_grid,interview,5/13/26 13:55,It was engaging,69fded1b5d37ff18df17d676,1,6,6,6,6,6,6,6,6,6,6,2,6,6,6,6,6,6,6,6,6,6,7,7,11,3,48,5,43,3,1,6,6,48,3,35,59,88,11,14,13,11,41,6,15,15,58,21,19,19,17,493,,5/13/26 14:04,,1,0,22,22,0,0,1.11
516,,,affective_grid,interview,5/13/26 13:55,,69f8f44ee6bf15c5d2f9e595,1,6,6,5,6,5,5,6,7,5,6,2,6,5,6,5,5,5,5,2,6,6,7,4,11,3,48,4,44,1,1,5,2,7,4,6,86,145,12,28,23,21,42,33,31,40,32,30,42,63,12,657,,5/13/26 14:06,,1,0,22,22,3,1,0.87
517,,,affective_grid,interview,5/13/26 13:57,Thanks.,66d8790772c9e0e4ee96259c,1,7,6,7,2,5,7,5,7,4,7,2,6,7,7,7,7,,,,,,6,6,2,2,49,2,42,5,1,7,1,16,4,18,43,31,9,10,5,10,17,6,18,19,27,39,,20,9,301,,5/13/26 14:02,,1,0,22,22,0,0,1.36
518,,,affective_grid,interview,5/13/26 13:57,,6a034297c0416f3ceaae3016,1,4,6,7,6,6,6,5,4,6,6,2,6,6,6,4,6,6,6,6,5,7,7,3,7,3,49,1,44,4,1,6,6,11,2,70,42,66,36,19,39,15,20,14,65,25,69,44,37,29,2,605,,5/13/26 14:07,,1,0,22,22,3,1,1
519,,,affective_grid,interview,5/13/26 13:58,Interesting and engaging study with a vast variety of topics and scenarios. ,69f584289a50a16b64f2b643,1,5,2,6,7,6,6,2,7,5,3,2,2,3,6,7,6,,,,,,7,4,11,1,49,4,43,5,1,6,7,6,4,14,5,68,10,10,27,10,19,11,52,59,59,70,,57,65,489,,5/13/26 14:07,,1,0,22,22,0,0,1.03
520,,,affective_grid,interview,5/13/26 13:58,,55da1c4669dbc30010b67569,1,5,7,3,4,5,6,3,6,4,3,2,7,4,5,7,5,5,4,1,7,4,6,1,5,1,49,3,45,6,1,6,7,3,3,2,128,104,6,10,38,7,13,5,18,23,9,13,18,16,4,420,,5/13/26 14:05,,1,0,22,22,3,1,1.7
521,,,affective_grid,interview,5/13/26 13:58,N/A,69d8c1d17e6a0c3ff6d35f8c,1,5,5,5,6,7,7,6,7,5,6,2,6,6,6,6,7,,,,,,7,5,6,2,49,6,44,5,1,6,4,7,6,10,26,111,9,9,21,14,4,10,24,19,33,18,,32,16,369,,5/13/26 14:04,,1,0,22,22,0,0,1.28
522,,,affective_grid,interview,5/13/26 13:58,,69f63441f6c4dbf4138036ee,1,2,5,5,5,6,6,4,4,6,5,2,5,5,5,5,2,,,,,,7,4,9,1,49,5,47,5,1,5,6,10,4,76,110,183,11,11,23,22,48,9,17,24,27,24,,32,9,640,,5/13/26 14:09,,1,0,22,22,4,1,0.88
523,,,affective_grid,interview,5/13/26 13:58,,676f730d7b956c6dc4eb2102,1,4,2,4,6,5,4,7,3,6,5,2,1,6,6,7,4,5,7,4,1,6,7,5,9,2,50,3,46,4,1,6,7,17,11,18,96,163,21,9,30,34,18,12,55,37,33,34,64,48,9,709,,5/13/26 14:10,,1,0,22,22,3,1,0.7
524,,,affective_grid,interview,5/13/26 13:59,,6727964977929019f6ff8a5d,1,6,6,4,5,5,5,6,4,6,4,2,6,6,3,5,4,4,6,6,5,5,5,5,10,2,50,5,46,3,1,5,6,3,1,10,212,11,2,3,13,10,118,3,5,8,7,304,5,10,1,350,,5/13/26 14:11,,1,0,22,22,3,1,2.29
526,,,affective_grid,interview,5/13/26 13:59,,67e7d7ba69a2afc3b987fd3f,1,6,5,6,6,6,6,5,4,2,6,2,4,6,6,4,6,3,2,2,5,2,6,2,11,3,50,4,47,3,1,6,2,11,7,21,77,172,9,16,41,25,34,9,20,22,33,36,34,60,8,635,,5/13/26 14:10,,1,0,22,22,3,1,0.81
527,,,affective_grid,interview,5/13/26 13:59,,69dea4ae7689525df4c408b9,1,6,7,5,6,2,4,6,5,7,7,5,2,3,3,3,3,5,6,2,3,7,,,,,50,2,48,4,1,6,6,7,8,32,161,88,18,83,44,38,169,11,38,16,42,14,64,,,612,,5/13/26 14:13,,1,0,17,18,0,0,0.74
528,,,affective_grid,interview,5/13/26 13:59,,69d779f689d7e51165b0f6bf,1,6,6,7,6,7,6,7,6,6,7,6,3,3,3,6,7,,,,,,,,,,50,1,45,5,1,7,6,6,37,44,76,70,10,24,6,9,18,7,14,22,36,33,,,,412,,5/13/26 14:06,,1,0,14,17,0,0,1.13
529,,,affective_grid,interview,5/13/26 13:59,n/a,67324fcf484d2ddb46f50e43,1,6,5,7,5,7,6,5,6,6,7,2,5,5,5,6,6,6,6,5,5,6,5,4,11,2,50,6,44,6,1,6,1,9,20,16,20,73,15,12,17,17,16,15,24,18,23,17,21,38,7,378,,5/13/26 14:06,,1,0,22,22,0,0,1.15
530,,,affective_grid,interview,5/13/26 14:00,,69ee92fb27590e95dd4b0f0e,1,5,5,5,4,5,5,4,3,5,5,4,4,4,5,5,5,5,4,5,4,5,,,,,52,6,47,4,1,5,5,283,4,4,3,121,20,2,17,16,9,12,19,34,20,30,41,,,361,,5/13/26 14:10,,1,0,17,18,0,0,1.36
531,,,affective_grid,interview,5/13/26 14:00,all good thanks!,5bb58e338f3bd70001e5df57,1,6,6,6,6,6,6,2,2,6,6,2,2,2,6,2,6,6,6,6,6,6,6,5,9,1,51,5,45,1,1,6,6,4,4,22,72,64,12,8,10,9,10,4,13,13,23,13,18,31,27,357,,5/13/26 14:05,,1,0,22,22,0,0,1.49
532,,,affective_grid,interview,5/13/26 14:00,,5bad23638e44c6000123bcd4,1,4,6,3,6,2,4,5,3,4,3,2,6,6,5,6,4,5,5,4,5,5,5,6,4,1,51,6,46,6,1,7,2,18,4,8,52,106,14,9,54,31,23,6,20,37,19,27,32,24,7,491,,5/13/26 14:08,,1,0,22,22,3,1,1.05
533,,,affective_grid,interview,5/13/26 14:01,None,69e3a85a9288a536b170b4f9,1,6,6,3,6,2,6,5,6,2,4,2,2,6,6,6,6,4,4,2,5,4,6,3,6,2,51,4,46,2,1,6,6,29,7,18,74,71,14,11,36,13,30,39,21,37,46,27,36,44,15,568,,5/13/26 14:10,,1,0,22,22,0,0,0.78
534,,,affective_grid,interview,5/13/26 14:01,,670c06bb7926d2525a7a7755,1,,,,,,,,,,,,,,,,,,,,,,,,,,51,1,,,,,,7,3,6,20,,,,,,,,,,,,,,,36,,5/13/26 14:01,,0,0,4,4,0,0,2.31
535,,,affective_grid,interview,5/13/26 14:01,,69ebc2138ef48f8f026892af,1,6,6,7,6,7,7,5,6,7,6,2,6,7,6,7,5,6,7,1,6,6,7,6,9,3,52,3,47,1,1,6,7,23,5,113,38,98,110,4,5,7,9,7,23,23,26,44,25,36,7,504,,5/13/26 14:11,,1,0,22,22,3,1,1.24
536,,,affective_grid,interview,5/13/26 14:01,,6151556ef73ba765c7ff55f6,1,6,6,5,5,3,4,3,5,5,4,2,4,5,4,5,6,4,5,3,4,5,5,5,9,2,51,2,47,2,1,5,3,3,23,3,115,114,9,7,21,11,19,8,16,22,13,96,18,18,5,521,,5/13/26 14:10,,1,0,22,22,3,1,1.35
537,,,affective_grid,interview,5/13/26 14:01,,6a0235324589b77a0bccff5a,1,5,6,3,2,3,6,6,7,5,3,2,6,6,7,7,5,3,5,1,5,5,5,2,9,1,51,3,45,3,1,6,3,8,3,5,14,47,8,10,19,14,11,12,28,34,28,31,40,22,3,337,,5/13/26 14:07,,1,0,22,22,3,1,1.46
538,,,affective_grid,interview,5/13/26 14:02,it was awesome,69eb75437dc621143e6a071e,1,6,6,6,6,6,6,4,7,6,2,2,6,6,6,6,7,,,,,,7,6,10,3,52,5,49,5,1,2,6,21,98,124,319,193,21,20,42,54,28,9,17,29,30,36,,35,26,905,,5/13/26 14:21,,1,0,22,22,0,0,0.57
539,,,affective_grid,interview,5/13/26 14:03,I found it interesting. ,5ae82944a0e4390001f090fd,1,2,5,5,5,5,6,2,2,7,5,2,5,2,7,4,2,,,,,,6,5,9,3,52,1,48,5,1,7,7,5,6,25,79,177,6,12,28,9,18,4,18,18,17,22,,21,30,495,,5/13/26 14:12,,1,0,22,22,0,0,1.18
540,,,affective_grid,interview,5/13/26 14:04,,69d87847cece24cadab7c76c,1,6,5,6,6,6,5,6,6,7,6,7,6,6,6,5,6,5,6,6,6,6,,,,,52,4,48,1,1,7,6,22,6,13,33,57,12,271,36,10,20,10,11,100,35,18,11,,,406,,5/13/26 14:15,,1,0,18,18,0,0,1.14
541,,,affective_grid,interview,5/13/26 14:04,,69d762d46098a0fa40531252,1,7,6,3,6,6,7,3,6,2,3,2,7,6,2,6,7,,,,,,7,7,10,2,52,2,46,5,1,7,1,18,3,3,3,7,17,14,9,13,7,17,27,43,61,141,,32,9,424,,5/13/26 14:11,,1,0,22,22,4,1,1.39
542,,,affective_grid,interview,5/13/26 14:04,I don't have any feedback. ,69de523ce70b95105c4f9780,1,7,7,7,7,6,6,7,6,6,6,2,3,7,7,6,7,7,7,5,7,7,6,6,11,3,53,1,48,3,1,6,7,7,16,52,140,138,8,19,19,11,55,10,18,11,73,32,31,30,17,687,,5/13/26 14:16,,1,0,22,22,0,0,0.88
543,,,affective_grid,interview,5/13/26 14:05,,khumalombali399@gmail.com ,,,,,,,,,,,,,,,,,,,,,,,,,,,53,4,,,,,,30,2,,,,,,,,,,,,,,,,,32,,5/13/26 14:05,,0,0,1,2,0,0,1.65
545,,,affective_grid,interview,5/13/26 14:05,Thanks for allowing me participate,69ec0a2356388a11281df601,1,6,5,5,6,5,5,5,4,2,2,2,2,6,6,5,6,5,6,5,5,6,5,5,6,3,53,6,47,6,1,6,6,66,2,3,1,6,31,2,4,3,2,7,36,104,12,32,12,12,31,309,,5/13/26 14:11,,1,0,22,22,0,0,1.9
546,,,affective_grid,interview,5/13/26 14:05,,6440ec657d3df6f5223edc73,1,7,4,5,5,5,6,5,1,6,5,2,2,5,7,3,6,7,6,4,6,6,6,6,4,3,53,3,49,2,1,6,7,63,6,48,54,251,8,7,189,12,18,7,296,26,19,25,23,41,2,602,,5/13/26 14:24,,1,0,22,22,3,1,1
547,,,affective_grid,interview,5/13/26 14:05,This experience demonstrates the risk of managers misrepresenting team metrics when they opt to interpret complex AI-generated data without standardised reporting protocols.,69ef2adbc136cdcf21278245,1,6,7,7,2,7,3,1,4,3,7,2,7,2,6,4,6,2,3,4,7,3,6,5,9,3,53,2,49,6,1,6,1,6,5,111,38,110,26,29,46,27,17,35,42,49,48,44,56,86,345,783,,5/13/26 14:24,,1,0,22,22,0,0,0.64
551,,,affective_grid,interview,5/13/26 14:07,,69f2373008f5470d4f7bcb80,1,5,7,5,4,5,5,3,7,5,5,2,7,4,5,7,6,4,5,1,5,5,4,2,6,2,53,5,49,3,1,5,6,4,5,9,38,83,8,6,9,253,10,4,13,19,16,18,19,17,4,296,,5/13/26 14:16,,1,0,22,22,3,1,1.64
552,,,affective_grid,interview,5/13/26 14:07,,69e8ce99a075f11124f198,1,6,7,5,5,5,7,4,6,,,,,6,6,4,5,,,,,,,,,,54,1,48,6,1,4,6,38,5,6,45,55,15,7,14,14,19,10,21,28,,15,,,,292,,5/13/26 14:12,,0,0,17,17,0,0,1.31
553,,,affective_grid,interview,5/13/26 14:09,,69d54ff40736fca981065e0e,1,6,6,5,6,4,5,4,5,5,5,2,5,6,5,6,5,6,6,5,5,6,5,6,6,2,54,5,49,4,1,5,4,15,39,54,61,190,81,17,16,23,10,19,58,31,54,47,52,47,16,760,,5/13/26 14:22,,1,0,22,22,3,1,0.65
555,,,affective_grid,interview,5/13/26 14:10,,69e923ee16d49ca2d1760554,1,,,,,,,,,,,,,,,,,,,,,,,,,,54,6,,,2,,,112,4,3,6,25,,,,,,,,,,,,,,47,,5/13/26 14:13,,1,0,5,5,0,0,2.12
556,,,affective_grid,interview,5/13/26 14:12,,6a01c42c5b05bf933661e2f3,1,6,7,2,4,7,7,1,4,1,7,2,7,1,4,4,7,1,1,7,7,1,7,7,9,2,54,2,49,1,1,3,7,5,11,14,51,59,10,8,38,8,20,4,37,40,14,21,37,20,6,403,,5/13/26 14:19,,1,0,22,22,3,1,1.24
557,,,affective_grid,interview,5/13/26 14:13,Good luck in Norway!,5711c09d28742b0011c585be,1,5,6,6,6,5,6,3,6,6,6,2,6,4,7,4,5,6,6,6,5,6,4,4,4,1,54,3,50,1,1,7,7,7,26,29,145,196,7,12,26,14,17,7,17,16,15,22,19,22,18,615,,5/13/26 14:23,,1,0,22,22,0,0,1.04
558,,,affective_grid,interview,5/13/26 14:13,,69df8b17babf9d766cb78eb8@email.prolific.com,,,,,,,,,,,,,,,,,,,,,,,,,,,54,4,,,,,,21,,,,,,,,,,,,,,,,,,21,,5/13/26 14:13,,0,0,1,1,0,0,0.43
560,,,affective_grid,interview,5/13/26 14:16,,69e3ddd0d7e55c7b5d1f0369,1,7,7,7,7,6,6,6,6,7,7,7,7,7,7,7,7,7,7,7,7,7,,,,,55,3,50,6,1,6,6,7,24,14,12,45,11,59,20,22,2,22,23,26,22,43,30,,,382,,5/13/26 14:22,,1,0,18,18,0,0,1.19
562,,,affective_grid,interview,5/13/26 14:17,,6739cb8aa3d95e6278fc2ff0,1,6,7,7,7,7,7,6,7,6,6,2,7,6,7,7,7,6,4,2,6,3,7,6,8,2,55,2,50,4,1,6,2,16,3,10,356,123,7,5,20,35,27,6,21,23,32,23,32,32,8,779,,5/13/26 14:30,,1,0,22,22,3,1,1.11
563,,,affective_grid,interview,5/13/26 14:20,,67c60b46b619cad09b65ab51,1,6,6,6,5,6,5,4,6,5,6,2,4,6,6,6,6,6,6,2,4,6,7,7,6,3,55,1,50,3,1,5,6,10,6,39,83,83,13,30,37,45,32,8,35,26,64,28,34,36,14,623,,5/13/26 14:31,,1,0,22,22,3,1,0.74
564,,,affective_grid,interview,5/13/26 14:25,,57a78015454e5400015f57ec,1,4,5,6,5,6,6,6,6,6,6,2,3,4,6,5,4,6,6,4,6,6,6,6,7,2,55,4,50,2,1,7,6,8,4,15,24,50,8,7,16,8,202,7,17,12,23,18,17,16,4,273,,5/13/26 14:32,,1,0,22,22,3,1,1.51
565,,,affective_grid,interview,5/13/26 14:28,,69bdbd59a9e69bb106ee98fa,1,5,6,6,7,5,6,7,6,6,6,2,3,7,5,6,6,,,,,,7,6,5,3,55,6,51,5,1,6,6,142,7,51,10,164,13,13,41,16,50,84,54,40,73,70,,98,16,734,,5/13/26 14:43,,1,0,22,22,4,1,0.65
567,,,affective_grid,interview,5/13/26 14:31,,63ed0065eb23ac3ee1726453,1,,,,,,,,,,,,,,,,,,,,,,,,,,55,5,,,,,,9,22,10,50,,,,,,,,,,,,,,,91,,5/13/26 14:32,,0,0,4,4,0,0,1.09
568,,,affective_grid,interview,5/13/26 14:35,The PA has too many ınformatıons and ıt ıs tırıng to track employees performance,6a004b8166f1fa7197d8dcd8,1,7,7,7,1,1,3,4,7,3,4,2,6,6,5,7,7,7,6,1,7,4,7,7,8,3,56,2,51,1,1,7,1,6,109,85,189,256,16,26,105,34,135,49,47,66,53,42,43,41,51,1134,,5/13/26 14:58,,1,0,22,22,0,0,0.44
569,,,affective_grid,interview,5/13/26 14:37,,5f3ec93efbd299158253f283,1,5,6,5,5,6,6,3,4,4,5,2,6,5,6,5,5,3,3,2,5,3,5,5,4,2,56,4,51,3,1,6,2,20,5,23,51,87,6,9,19,12,24,6,14,14,39,22,27,20,21,419,,5/13/26 14:44,,1,0,22,22,3,1,1.14
570,,,affective_grid,interview,5/13/26 14:39,I enjoyed this,69dce17f584dbdf6abef6e98,1,6,5,4,7,5,5,5,5,6,6,2,7,2,4,7,7,6,6,1,6,7,7,7,6,2,56,1,51,6,1,5,6,10,7,31,60,63,10,36,37,27,52,12,30,30,38,93,39,34,59,668,,5/13/26 14:50,,1,0,22,22,0,0,0.71
572,,,affective_grid,interview,5/13/26 14:50,,69fd148ee3935c5c3d8d4f8f,1,6,3,5,5,6,6,5,7,6,5,2,2,7,6,7,6,5,6,5,6,6,7,6,11,3,56,6,51,4,1,6,3,13,17,70,127,276,19,36,74,69,96,21,34,36,226,48,61,42,14,1077,,5/13/26 15:11,,1,0,22,22,3,1,0.44